,Unnamed: 0,Unnamed: 0.1,Unnamed: 0.1.1,Unnamed: 0.1.1.1,Unnamed: 0.1.1.1.1,Unnamed: 0.1.1.1.1.1,Unnamed: 0.1.1.1.1.1.1,Unnamed: 0.1.1.1.1.1.1.1,Unnamed: 0.1.1.1.1.1.1.1.1,Unnamed: 0.1.1.1.1.1.1.1.1.1,Unnamed: 0.1.1.1.1.1.1.1.1.1.1,Unnamed: 0.1.1.1.1.1.1.1.1.1.1.1,Unnamed: 0.1.1.1.1.1.1.1.1.1.1.1.1,Unnamed: 0.1.1.1.1.1.1.1.1.1.1.1.1.1,Unnamed: 0.1.1.1.1.1.1.1.1.1.1.1.1.1.1,Unnamed: 0.1.1.1.1.1.1.1.1.1.1.1.1.1.1.1,Unnamed: 0.1.1.1.1.1.1.1.1.1.1.1.1.1.1.1.1,Unnamed: 0.1.1.1.1.1.1.1.1.1.1.1.1.1.1.1.1.1,Unnamed: 0.1.1.1.1.1.1.1.1.1.1.1.1.1.1.1.1.1.1,Unnamed: 0.1.1.1.1.1.1.1.1.1.1.1.1.1.1.1.1.1.1.1,Unnamed: 0.1.1.1.1.1.1.1.1.1.1.1.1.1.1.1.1.1.1.1.1,Unnamed: 0.1.1.1.1.1.1.1.1.1.1.1.1.1.1.1.1.1.1.1.1.1,Unnamed: 0.1.1.1.1.1.1.1.1.1.1.1.1.1.1.1.1.1.1.1.1.1.1,path,label,sublabel,progress,count
0,0,0,0,0,0,0,0,0,0,0,0,0,0,0,0,0,0,0,0,0,0,0,0,D:\kunal\Project\smart surveillance\ModelCode\TrainTestData\Training-Normal-Videos-Part-1\Normal_Videos001_x264.mp4,Normal,,1,544.0
1,1,1,1,1,1,1,1,1,1,1,1,1,1,1,1,1,1,1,1,1,1,1,1,D:\kunal\Project\smart surveillance\ModelCode\TrainTestData\Training-Normal-Videos-Part-1\Normal_Videos002_x264.mp4,Normal,,1,1663.0
2,2,2,2,2,2,2,2,2,2,2,2,2,2,2,2,2,2,2,2,2,2,2,2,D:\kunal\Project\smart surveillance\ModelCode\TrainTestData\Training-Normal-Videos-Part-1\Normal_Videos004_x264.mp4,Normal,,1,917.0
3,3,3,3,3,3,3,3,3,3,3,3,3,3,3,3,3,3,3,3,3,3,3,3,D:\kunal\Project\smart surveillance\ModelCode\TrainTestData\Training-Normal-Videos-Part-1\Normal_Videos005_x264.mp4,Normal,,1,386.0
4,4,4,4,4,4,4,4,4,4,4,4,4,4,4,4,4,4,4,4,4,4,4,4,D:\kunal\Project\smart surveillance\ModelCode\TrainTestData\Training-Normal-Videos-Part-1\Normal_Videos007_x264.mp4,Normal,,1,985.0
5,5,5,5,5,5,5,5,5,5,5,5,5,5,5,5,5,5,5,5,5,5,5,5,D:\kunal\Project\smart surveillance\ModelCode\TrainTestData\Training-Normal-Videos-Part-1\Normal_Videos008_x264.mp4,Normal,,1,2567.0
6,6,6,6,6,6,6,6,6,6,6,6,6,6,6,6,6,6,6,6,6,6,6,6,D:\kunal\Project\smart surveillance\ModelCode\TrainTestData\Training-Normal-Videos-Part-1\Normal_Videos009_x264.mp4,Normal,,1,740.0
7,7,7,7,7,7,7,7,7,7,7,7,7,7,7,7,7,7,7,7,7,7,7,7,D:\kunal\Project\smart surveillance\ModelCode\TrainTestData\Training-Normal-Videos-Part-1\Normal_Videos011_x264.mp4,Normal,,1,897.0
8,8,8,8,8,8,8,8,8,8,8,8,8,8,8,8,8,8,8,8,8,8,8,8,D:\kunal\Project\smart surveillance\ModelCode\TrainTestData\Training-Normal-Videos-Part-1\Normal_Videos012_x264.mp4,Normal,,1,2340.0
9,9,9,9,9,9,9,9,9,9,9,9,9,9,9,9,9,9,9,9,9,9,9,9,D:\kunal\Project\smart surveillance\ModelCode\TrainTestData\Training-Normal-Videos-Part-1\Normal_Videos013_x264.mp4,Normal,,1,1212.0
10,10,10,10,10,10,10,10,10,10,10,10,10,10,10,10,10,10,10,10,10,10,10,10,D:\kunal\Project\smart surveillance\ModelCode\TrainTestData\Training-Normal-Videos-Part-1\Normal_Videos016_x264.mp4,Normal,,1,3631.0
11,11,11,11,11,11,11,11,11,11,11,11,11,11,11,11,11,11,11,11,11,11,11,11,D:\kunal\Project\smart surveillance\ModelCode\TrainTestData\Training-Normal-Videos-Part-1\Normal_Videos017_x264.mp4,Normal,,1,853.0
12,12,12,12,12,12,12,12,12,12,12,12,12,12,12,12,12,12,12,12,12,12,12,12,D:\kunal\Project\smart surveillance\ModelCode\TrainTestData\Training-Normal-Videos-Part-1\Normal_Videos020_x264.mp4,Normal,,1,485.0
13,13,13,13,13,13,13,13,13,13,13,13,13,13,13,13,13,13,13,13,13,13,13,13,D:\kunal\Project\smart surveillance\ModelCode\TrainTestData\Training-Normal-Videos-Part-1\Normal_Videos021_x264.mp4,Normal,,1,1963.0
14,14,14,14,14,14,14,14,14,14,14,14,14,14,14,14,14,14,14,14,14,14,14,14,D:\kunal\Project\smart surveillance\ModelCode\TrainTestData\Training-Normal-Videos-Part-1\Normal_Videos022_x264.mp4,Normal,,1,385.0
15,15,15,15,15,15,15,15,15,15,15,15,15,15,15,15,15,15,15,15,15,15,15,15,D:\kunal\Project\smart surveillance\ModelCode\TrainTestData\Training-Normal-Videos-Part-1\Normal_Videos023_x264.mp4,Normal,,1,1769.0
16,16,16,16,16,16,16,16,16,16,16,16,16,16,16,16,16,16,16,16,16,16,16,16,D:\kunal\Project\smart surveillance\ModelCode\TrainTestData\Training-Normal-Videos-Part-1\Normal_Videos026_x264.mp4,Normal,,1,2733.0
17,17,17,17,17,17,17,17,17,17,17,17,17,17,17,17,17,17,17,17,17,17,17,17,D:\kunal\Project\smart surveillance\ModelCode\TrainTestData\Training-Normal-Videos-Part-1\Normal_Videos028_x264.mp4,Normal,,1,9625.0
18,18,18,18,18,18,18,18,18,18,18,18,18,18,18,18,18,18,18,18,18,18,18,18,D:\kunal\Project\smart surveillance\ModelCode\TrainTestData\Training-Normal-Videos-Part-1\Normal_Videos029_x264.mp4,Normal,,1,869.0
19,19,19,19,19,19,19,19,19,19,19,19,19,19,19,19,19,19,19,19,19,19,19,19,D:\kunal\Project\smart surveillance\ModelCode\TrainTestData\Training-Normal-Videos-Part-1\Normal_Videos030_x264.mp4,Normal,,1,4427.0
20,20,20,20,20,20,20,20,20,20,20,20,20,20,20,20,20,20,20,20,20,20,20,20,D:\kunal\Project\smart surveillance\ModelCode\TrainTestData\Training-Normal-Videos-Part-1\Normal_Videos031_x264.mp4,Normal,,1,3333.0
21,21,21,21,21,21,21,21,21,21,21,21,21,21,21,21,21,21,21,21,21,21,21,21,D:\kunal\Project\smart surveillance\ModelCode\TrainTestData\Training-Normal-Videos-Part-1\Normal_Videos032_x264.mp4,Normal,,1,835.0
22,22,22,22,22,22,22,22,22,22,22,22,22,22,22,22,22,22,22,22,22,22,22,22,D:\kunal\Project\smart surveillance\ModelCode\TrainTestData\Training-Normal-Videos-Part-1\Normal_Videos035_x264.mp4,Normal,,1,18419.0
23,23,23,23,23,23,23,23,23,23,23,23,23,23,23,23,23,23,23,23,23,23,23,23,D:\kunal\Project\smart surveillance\ModelCode\TrainTestData\Training-Normal-Videos-Part-1\Normal_Videos036_x264.mp4,Normal,,1,1323.0
24,24,24,24,24,24,24,24,24,24,24,24,24,24,24,24,24,24,24,24,24,24,24,24,D:\kunal\Project\smart surveillance\ModelCode\TrainTestData\Training-Normal-Videos-Part-1\Normal_Videos037_x264.mp4,Normal,,1,449.0
25,25,25,25,25,25,25,25,25,25,25,25,25,25,25,25,25,25,25,25,25,25,25,25,D:\kunal\Project\smart surveillance\ModelCode\TrainTestData\Training-Normal-Videos-Part-1\Normal_Videos038_x264.mp4,Normal,,1,2971.0
26,26,26,26,26,26,26,26,26,26,26,26,26,26,26,26,26,26,26,26,26,26,26,26,D:\kunal\Project\smart surveillance\ModelCode\TrainTestData\Training-Normal-Videos-Part-1\Normal_Videos039_x264.mp4,Normal,,1,1792.0
27,27,27,27,27,27,27,27,27,27,27,27,27,27,27,27,27,27,27,27,27,27,27,27,D:\kunal\Project\smart surveillance\ModelCode\TrainTestData\Training-Normal-Videos-Part-1\Normal_Videos040_x264.mp4,Normal,,1,956.0
28,28,28,28,28,28,28,28,28,28,28,28,28,28,28,28,28,28,28,28,28,28,28,28,D:\kunal\Project\smart surveillance\ModelCode\TrainTestData\Training-Normal-Videos-Part-1\Normal_Videos043_x264.mp4,Normal,,1,1732.0
29,29,29,29,29,29,29,29,29,29,29,29,29,29,29,29,29,29,29,29,29,29,29,29,D:\kunal\Project\smart surveillance\ModelCode\TrainTestData\Training-Normal-Videos-Part-1\Normal_Videos044_x264.mp4,Normal,,1,2511.0
30,30,30,30,30,30,30,30,30,30,30,30,30,30,30,30,30,30,30,30,30,30,30,30,D:\kunal\Project\smart surveillance\ModelCode\TrainTestData\Training-Normal-Videos-Part-1\Normal_Videos045_x264.mp4,Normal,,1,1548.0
31,31,31,31,31,31,31,31,31,31,31,31,31,31,31,31,31,31,31,31,31,31,31,31,D:\kunal\Project\smart surveillance\ModelCode\TrainTestData\Training-Normal-Videos-Part-1\Normal_Videos046_x264.mp4,Normal,,1,26957.0
32,32,32,32,32,32,32,32,32,32,32,32,32,32,32,32,32,32,32,32,32,32,32,32,D:\kunal\Project\smart surveillance\ModelCode\TrainTestData\Training-Normal-Videos-Part-1\Normal_Videos047_x264.mp4,Normal,,1,7129.0
33,33,33,33,33,33,33,33,33,33,33,33,33,33,33,33,33,33,33,33,33,33,33,33,D:\kunal\Project\smart surveillance\ModelCode\TrainTestData\Training-Normal-Videos-Part-1\Normal_Videos049_x264.mp4,Normal,,1,5495.0
34,34,34,34,34,34,34,34,34,34,34,34,34,34,34,34,34,34,34,34,34,34,34,34,D:\kunal\Project\smart surveillance\ModelCode\TrainTestData\Training-Normal-Videos-Part-1\Normal_Videos052_x264.mp4,Normal,,1,320.0
35,35,35,35,35,35,35,35,35,35,35,35,35,35,35,35,35,35,35,35,35,35,35,35,D:\kunal\Project\smart surveillance\ModelCode\TrainTestData\Training-Normal-Videos-Part-1\Normal_Videos053_x264.mp4,Normal,,1,399.0
36,36,36,36,36,36,36,36,36,36,36,36,36,36,36,36,36,36,36,36,36,36,36,36,D:\kunal\Project\smart surveillance\ModelCode\TrainTestData\Training-Normal-Videos-Part-1\Normal_Videos054_x264.mp4,Normal,,1,1976.0
37,37,37,37,37,37,37,37,37,37,37,37,37,37,37,37,37,37,37,37,37,37,37,37,D:\kunal\Project\smart surveillance\ModelCode\TrainTestData\Training-Normal-Videos-Part-1\Normal_Videos055_x264.mp4,Normal,,1,251.0
38,38,38,38,38,38,38,38,38,38,38,38,38,38,38,38,38,38,38,38,38,38,38,38,D:\kunal\Project\smart surveillance\ModelCode\TrainTestData\Training-Normal-Videos-Part-1\Normal_Videos057_x264.mp4,Normal,,1,3785.0
39,39,39,39,39,39,39,39,39,39,39,39,39,39,39,39,39,39,39,39,39,39,39,39,D:\kunal\Project\smart surveillance\ModelCode\TrainTestData\Training-Normal-Videos-Part-1\Normal_Videos058_x264.mp4,Normal,,1,989.0
40,40,40,40,40,40,40,40,40,40,40,40,40,40,40,40,40,40,40,40,40,40,40,40,D:\kunal\Project\smart surveillance\ModelCode\TrainTestData\Training-Normal-Videos-Part-1\Normal_Videos060_x264.mp4,Normal,,1,3072.0
41,41,41,41,41,41,41,41,41,41,41,41,41,41,41,41,41,41,41,41,41,41,41,41,D:\kunal\Project\smart surveillance\ModelCode\TrainTestData\Training-Normal-Videos-Part-1\Normal_Videos061_x264.mp4,Normal,,1,17693.0
42,42,42,42,42,42,42,42,42,42,42,42,42,42,42,42,42,42,42,42,42,42,42,42,D:\kunal\Project\smart surveillance\ModelCode\TrainTestData\Training-Normal-Videos-Part-1\Normal_Videos062_x264.mp4,Normal,,1,1573.0
43,43,43,43,43,43,43,43,43,43,43,43,43,43,43,43,43,43,43,43,43,43,43,43,D:\kunal\Project\smart surveillance\ModelCode\TrainTestData\Training-Normal-Videos-Part-1\Normal_Videos064_x264.mp4,Normal,,1,2334.0
44,44,44,44,44,44,44,44,44,44,44,44,44,44,44,44,44,44,44,44,44,44,44,44,D:\kunal\Project\smart surveillance\ModelCode\TrainTestData\Training-Normal-Videos-Part-1\Normal_Videos065_x264.mp4,Normal,,1,866.0
45,45,45,45,45,45,45,45,45,45,45,45,45,45,45,45,45,45,45,45,45,45,45,45,D:\kunal\Project\smart surveillance\ModelCode\TrainTestData\Training-Normal-Videos-Part-1\Normal_Videos066_x264.mp4,Normal,,1,1008.0
46,46,46,46,46,46,46,46,46,46,46,46,46,46,46,46,46,46,46,46,46,46,46,46,D:\kunal\Project\smart surveillance\ModelCode\TrainTestData\Training-Normal-Videos-Part-1\Normal_Videos068_x264.mp4,Normal,,1,1882.0
47,47,47,47,47,47,47,47,47,47,47,47,47,47,47,47,47,47,47,47,47,47,47,47,D:\kunal\Project\smart surveillance\ModelCode\TrainTestData\Training-Normal-Videos-Part-1\Normal_Videos069_x264.mp4,Normal,,1,923.0
48,48,48,48,48,48,48,48,48,48,48,48,48,48,48,48,48,48,48,48,48,48,48,48,D:\kunal\Project\smart surveillance\ModelCode\TrainTestData\Training-Normal-Videos-Part-1\Normal_Videos071_x264.mp4,Normal,,1,871.0
49,49,49,49,49,49,49,49,49,49,49,49,49,49,49,49,49,49,49,49,49,49,49,49,D:\kunal\Project\smart surveillance\ModelCode\TrainTestData\Training-Normal-Videos-Part-1\Normal_Videos072_x264.mp4,Normal,,1,952.0
50,50,50,50,50,50,50,50,50,50,50,50,50,50,50,50,50,50,50,50,50,50,50,50,D:\kunal\Project\smart surveillance\ModelCode\TrainTestData\Training-Normal-Videos-Part-1\Normal_Videos073_x264.mp4,Normal,,1,1628.0
51,51,51,51,51,51,51,51,51,51,51,51,51,51,51,51,51,51,51,51,51,51,51,51,D:\kunal\Project\smart surveillance\ModelCode\TrainTestData\Training-Normal-Videos-Part-1\Normal_Videos074_x264.mp4,Normal,,1,2040.0
52,52,52,52,52,52,52,52,52,52,52,52,52,52,52,52,52,52,52,52,52,52,52,52,D:\kunal\Project\smart surveillance\ModelCode\TrainTestData\Training-Normal-Videos-Part-1\Normal_Videos075_x264.mp4,Normal,,1,3397.0
53,53,53,53,53,53,53,53,53,53,53,53,53,53,53,53,53,53,53,53,53,53,53,53,D:\kunal\Project\smart surveillance\ModelCode\TrainTestData\Training-Normal-Videos-Part-1\Normal_Videos076_x264.mp4,Normal,,1,3072.0
54,54,54,54,54,54,54,54,54,54,54,54,54,54,54,54,54,54,54,54,54,54,54,54,D:\kunal\Project\smart surveillance\ModelCode\TrainTestData\Training-Normal-Videos-Part-1\Normal_Videos077_x264.mp4,Normal,,1,2806.0
55,55,55,55,55,55,55,55,55,55,55,55,55,55,55,55,55,55,55,55,55,55,55,55,D:\kunal\Project\smart surveillance\ModelCode\TrainTestData\Training-Normal-Videos-Part-1\Normal_Videos078_x264.mp4,Normal,,1,2134.0
56,56,56,56,56,56,56,56,56,56,56,56,56,56,56,56,56,56,56,56,56,56,56,56,D:\kunal\Project\smart surveillance\ModelCode\TrainTestData\Training-Normal-Videos-Part-1\Normal_Videos079_x264.mp4,Normal,,1,2001.0
57,57,57,57,57,57,57,57,57,57,57,57,57,57,57,57,57,57,57,57,57,57,57,57,D:\kunal\Project\smart surveillance\ModelCode\TrainTestData\Training-Normal-Videos-Part-1\Normal_Videos080_x264.mp4,Normal,,1,2344.0
58,58,58,58,58,58,58,58,58,58,58,58,58,58,58,58,58,58,58,58,58,58,58,58,D:\kunal\Project\smart surveillance\ModelCode\TrainTestData\Training-Normal-Videos-Part-1\Normal_Videos081_x264.mp4,Normal,,1,1623.0
59,59,59,59,59,59,59,59,59,59,59,59,59,59,59,59,59,59,59,59,59,59,59,59,D:\kunal\Project\smart surveillance\ModelCode\TrainTestData\Training-Normal-Videos-Part-1\Normal_Videos082_x264.mp4,Normal,,1,1198.0
60,60,60,60,60,60,60,60,60,60,60,60,60,60,60,60,60,60,60,60,60,60,60,60,D:\kunal\Project\smart surveillance\ModelCode\TrainTestData\Training-Normal-Videos-Part-1\Normal_Videos083_x264.mp4,Normal,,1,586.0
61,61,61,61,61,61,61,61,61,61,61,61,61,61,61,61,61,61,61,61,61,61,61,61,D:\kunal\Project\smart surveillance\ModelCode\TrainTestData\Training-Normal-Videos-Part-1\Normal_Videos084_x264.mp4,Normal,,1,27456.0
62,62,62,62,62,62,62,62,62,62,62,62,62,62,62,62,62,62,62,62,62,62,62,62,D:\kunal\Project\smart surveillance\ModelCode\TrainTestData\Training-Normal-Videos-Part-1\Normal_Videos085_x264.mp4,Normal,,1,5172.0
63,63,63,63,63,63,63,63,63,63,63,63,63,63,63,63,63,63,63,63,63,63,63,63,D:\kunal\Project\smart surveillance\ModelCode\TrainTestData\Training-Normal-Videos-Part-1\Normal_Videos086_x264.mp4,Normal,,1,3391.0
64,64,64,64,64,64,64,64,64,64,64,64,64,64,64,64,64,64,64,64,64,64,64,64,D:\kunal\Project\smart surveillance\ModelCode\TrainTestData\Training-Normal-Videos-Part-1\Normal_Videos087_x264.mp4,Normal,,1,34704.0
65,65,65,65,65,65,65,65,65,65,65,65,65,65,65,65,65,65,65,65,65,65,65,65,D:\kunal\Project\smart surveillance\ModelCode\TrainTestData\Training-Normal-Videos-Part-1\Normal_Videos088_x264.mp4,Normal,,1,2477.0
66,66,66,66,66,66,66,66,66,66,66,66,66,66,66,66,66,66,66,66,66,66,66,66,D:\kunal\Project\smart surveillance\ModelCode\TrainTestData\Training-Normal-Videos-Part-1\Normal_Videos089_x264.mp4,Normal,,1,35.0
67,67,67,67,67,67,67,67,67,67,67,67,67,67,67,67,67,67,67,67,67,67,67,67,D:\kunal\Project\smart surveillance\ModelCode\TrainTestData\Training-Normal-Videos-Part-1\Normal_Videos090_x264.mp4,Normal,,1,41090.0
68,68,68,68,68,68,68,68,68,68,68,68,68,68,68,68,68,68,68,68,68,68,68,68,D:\kunal\Project\smart surveillance\ModelCode\TrainTestData\Training-Normal-Videos-Part-1\Normal_Videos091_x264.mp4,Normal,,1,19769.0
69,69,69,69,69,69,69,69,69,69,69,69,69,69,69,69,69,69,69,69,69,69,69,69,D:\kunal\Project\smart surveillance\ModelCode\TrainTestData\Training-Normal-Videos-Part-1\Normal_Videos092_x264.mp4,Normal,,1,1800.0
70,70,70,70,70,70,70,70,70,70,70,70,70,70,70,70,70,70,70,70,70,70,70,70,D:\kunal\Project\smart surveillance\ModelCode\TrainTestData\Training-Normal-Videos-Part-1\Normal_Videos093_x264.mp4,Normal,,1,1740.0
71,71,71,71,71,71,71,71,71,71,71,71,71,71,71,71,71,71,71,71,71,71,71,71,D:\kunal\Project\smart surveillance\ModelCode\TrainTestData\Training-Normal-Videos-Part-1\Normal_Videos094_x264.mp4,Normal,,1,1740.0
72,72,72,72,72,72,72,72,72,72,72,72,72,72,72,72,72,72,72,72,72,72,72,72,D:\kunal\Project\smart surveillance\ModelCode\TrainTestData\Training-Normal-Videos-Part-1\Normal_Videos095_x264.mp4,Normal,,1,1047.0
73,73,73,73,73,73,73,73,73,73,73,73,73,73,73,73,73,73,73,73,73,73,73,73,D:\kunal\Project\smart surveillance\ModelCode\TrainTestData\Training-Normal-Videos-Part-1\Normal_Videos096_x264.mp4,Normal,,1,779.0
74,74,74,74,74,74,74,74,74,74,74,74,74,74,74,74,74,74,74,74,74,74,74,74,D:\kunal\Project\smart surveillance\ModelCode\TrainTestData\Training-Normal-Videos-Part-1\Normal_Videos097_x264.mp4,Normal,,1,4746.0
75,75,75,75,75,75,75,75,75,75,75,75,75,75,75,75,75,75,75,75,75,75,75,75,D:\kunal\Project\smart surveillance\ModelCode\TrainTestData\Training-Normal-Videos-Part-1\Normal_Videos098_x264.mp4,Normal,,1,3353.0
76,76,76,76,76,76,76,76,76,76,76,76,76,76,76,76,76,76,76,76,76,76,76,76,D:\kunal\Project\smart surveillance\ModelCode\TrainTestData\Training-Normal-Videos-Part-1\Normal_Videos099_x264.mp4,Normal,,1,2075.0
77,77,77,77,77,77,77,77,77,77,77,77,77,77,77,77,77,77,77,77,77,77,77,77,D:\kunal\Project\smart surveillance\ModelCode\TrainTestData\Training-Normal-Videos-Part-1\Normal_Videos101_x264.mp4,Normal,,1,1538.0
78,78,78,78,78,78,78,78,78,78,78,78,78,78,78,78,78,78,78,78,78,78,78,78,D:\kunal\Project\smart surveillance\ModelCode\TrainTestData\Training-Normal-Videos-Part-1\Normal_Videos102_x264.mp4,Normal,,1,1029.0
79,79,79,79,79,79,79,79,79,79,79,79,79,79,79,79,79,79,79,79,79,79,79,79,D:\kunal\Project\smart surveillance\ModelCode\TrainTestData\Training-Normal-Videos-Part-1\Normal_Videos103_x264.mp4,Normal,,1,742.0
80,80,80,80,80,80,80,80,80,80,80,80,80,80,80,80,80,80,80,80,80,80,80,80,D:\kunal\Project\smart surveillance\ModelCode\TrainTestData\Training-Normal-Videos-Part-1\Normal_Videos104_x264.mp4,Normal,,1,689.0
81,81,81,81,81,81,81,81,81,81,81,81,81,81,81,81,81,81,81,81,81,81,81,81,D:\kunal\Project\smart surveillance\ModelCode\TrainTestData\Training-Normal-Videos-Part-1\Normal_Videos105_x264.mp4,Normal,,1,716.0
82,82,82,82,82,82,82,82,82,82,82,82,82,82,82,82,82,82,82,82,82,82,82,82,D:\kunal\Project\smart surveillance\ModelCode\TrainTestData\Training-Normal-Videos-Part-1\Normal_Videos106_x264.mp4,Normal,,1,1944.0
83,83,83,83,83,83,83,83,83,83,83,83,83,83,83,83,83,83,83,83,83,83,83,83,D:\kunal\Project\smart surveillance\ModelCode\TrainTestData\Training-Normal-Videos-Part-1\Normal_Videos107_x264.mp4,Normal,,1,3601.0
84,84,84,84,84,84,84,84,84,84,84,84,84,84,84,84,84,84,84,84,84,84,84,84,D:\kunal\Project\smart surveillance\ModelCode\TrainTestData\Training-Normal-Videos-Part-1\Normal_Videos108_x264.mp4,Normal,,1,1772.0
85,85,85,85,85,85,85,85,85,85,85,85,85,85,85,85,85,85,85,85,85,85,85,85,D:\kunal\Project\smart surveillance\ModelCode\TrainTestData\Training-Normal-Videos-Part-1\Normal_Videos109_x264.mp4,Normal,,1,1722.0
86,86,86,86,86,86,86,86,86,86,86,86,86,86,86,86,86,86,86,86,86,86,86,86,D:\kunal\Project\smart surveillance\ModelCode\TrainTestData\Training-Normal-Videos-Part-1\Normal_Videos110_x264.mp4,Normal,,1,3132.0
87,87,87,87,87,87,87,87,87,87,87,87,87,87,87,87,87,87,87,87,87,87,87,87,D:\kunal\Project\smart surveillance\ModelCode\TrainTestData\Training-Normal-Videos-Part-1\Normal_Videos111_x264.mp4,Normal,,1,20371.0
88,88,88,88,88,88,88,88,88,88,88,88,88,88,88,88,88,88,88,88,88,88,88,88,D:\kunal\Project\smart surveillance\ModelCode\TrainTestData\Training-Normal-Videos-Part-1\Normal_Videos112_x264.mp4,Normal,,1,816.0
89,89,89,89,89,89,89,89,89,89,89,89,89,89,89,89,89,89,89,89,89,89,89,89,D:\kunal\Project\smart surveillance\ModelCode\TrainTestData\Training-Normal-Videos-Part-1\Normal_Videos113_x264.mp4,Normal,,1,694.0
90,90,90,90,90,90,90,90,90,90,90,90,90,90,90,90,90,90,90,90,90,90,90,90,D:\kunal\Project\smart surveillance\ModelCode\TrainTestData\Training-Normal-Videos-Part-1\Normal_Videos114_x264.mp4,Normal,,1,1787.0
91,91,91,91,91,91,91,91,91,91,91,91,91,91,91,91,91,91,91,91,91,91,91,91,D:\kunal\Project\smart surveillance\ModelCode\TrainTestData\Training-Normal-Videos-Part-1\Normal_Videos115_x264.mp4,Normal,,1,299.0
92,92,92,92,92,92,92,92,92,92,92,92,92,92,92,92,92,92,92,92,92,92,92,92,D:\kunal\Project\smart surveillance\ModelCode\TrainTestData\Training-Normal-Videos-Part-1\Normal_Videos116_x264.mp4,Normal,,1,4531.0
93,93,93,93,93,93,93,93,93,93,93,93,93,93,93,93,93,93,93,93,93,93,93,93,D:\kunal\Project\smart surveillance\ModelCode\TrainTestData\Training-Normal-Videos-Part-1\Normal_Videos117_x264.mp4,Normal,,1,1176.0
94,94,94,94,94,94,94,94,94,94,94,94,94,94,94,94,94,94,94,94,94,94,94,94,D:\kunal\Project\smart surveillance\ModelCode\TrainTestData\Training-Normal-Videos-Part-1\Normal_Videos118_x264.mp4,Normal,,1,948.0
95,95,95,95,95,95,95,95,95,95,95,95,95,95,95,95,95,95,95,95,95,95,95,95,D:\kunal\Project\smart surveillance\ModelCode\TrainTestData\Training-Normal-Videos-Part-1\Normal_Videos119_x264.mp4,Normal,,1,3869.0
96,96,96,96,96,96,96,96,96,96,96,96,96,96,96,96,96,96,96,96,96,96,96,96,D:\kunal\Project\smart surveillance\ModelCode\TrainTestData\Training-Normal-Videos-Part-1\Normal_Videos120_x264.mp4,Normal,,1,1481.0
97,97,97,97,97,97,97,97,97,97,97,97,97,97,97,97,97,97,97,97,97,97,97,97,D:\kunal\Project\smart surveillance\ModelCode\TrainTestData\Training-Normal-Videos-Part-1\Normal_Videos121_x264.mp4,Normal,,1,1158.0
98,98,98,98,98,98,98,98,98,98,98,98,98,98,98,98,98,98,98,98,98,98,98,98,D:\kunal\Project\smart surveillance\ModelCode\TrainTestData\Training-Normal-Videos-Part-1\Normal_Videos122_x264.mp4,Normal,,1,1893.0
99,99,99,99,99,99,99,99,99,99,99,99,99,99,99,99,99,99,99,99,99,99,99,99,D:\kunal\Project\smart surveillance\ModelCode\TrainTestData\Training-Normal-Videos-Part-1\Normal_Videos123_x264.mp4,Normal,,1,19.0
100,100,100,100,100,100,100,100,100,100,100,100,100,100,100,100,100,100,100,100,100,100,100,100,D:\kunal\Project\smart surveillance\ModelCode\TrainTestData\Training-Normal-Videos-Part-1\Normal_Videos124_x264.mp4,Normal,,1,1394.0
101,101,101,101,101,101,101,101,101,101,101,101,101,101,101,101,101,101,101,101,101,101,101,101,D:\kunal\Project\smart surveillance\ModelCode\TrainTestData\Training-Normal-Videos-Part-1\Normal_Videos125_x264.mp4,Normal,,1,3121.0
102,102,102,102,102,102,102,102,102,102,102,102,102,102,102,102,102,102,102,102,102,102,102,102,D:\kunal\Project\smart surveillance\ModelCode\TrainTestData\Training-Normal-Videos-Part-1\Normal_Videos126_x264.mp4,Normal,,1,2808.0
103,103,103,103,103,103,103,103,103,103,103,103,103,103,103,103,103,103,103,103,103,103,103,103,D:\kunal\Project\smart surveillance\ModelCode\TrainTestData\Training-Normal-Videos-Part-1\Normal_Videos127_x264.mp4,Normal,,1,1789.0
104,104,104,104,104,104,104,104,104,104,104,104,104,104,104,104,104,104,104,104,104,104,104,104,D:\kunal\Project\smart surveillance\ModelCode\TrainTestData\Training-Normal-Videos-Part-1\Normal_Videos128_x264.mp4,Normal,,1,1910.0
105,105,105,105,105,105,105,105,105,105,105,105,105,105,105,105,105,105,105,105,105,105,105,105,D:\kunal\Project\smart surveillance\ModelCode\TrainTestData\Training-Normal-Videos-Part-1\Normal_Videos130_x264.mp4,Normal,,1,12000.0
106,106,106,106,106,106,106,106,106,106,106,106,106,106,106,106,106,106,106,106,106,106,106,106,D:\kunal\Project\smart surveillance\ModelCode\TrainTestData\Training-Normal-Videos-Part-1\Normal_Videos131_x264.mp4,Normal,,1,1894.0
107,107,107,107,107,107,107,107,107,107,107,107,107,107,107,107,107,107,107,107,107,107,107,107,D:\kunal\Project\smart surveillance\ModelCode\TrainTestData\Training-Normal-Videos-Part-1\Normal_Videos132_x264.mp4,Normal,,1,2627.0
108,108,108,108,108,108,108,108,108,108,108,108,108,108,108,108,108,108,108,108,108,108,108,108,D:\kunal\Project\smart surveillance\ModelCode\TrainTestData\Training-Normal-Videos-Part-1\Normal_Videos133_x264.mp4,Normal,,1,4330.0
109,109,109,109,109,109,109,109,109,109,109,109,109,109,109,109,109,109,109,109,109,109,109,109,D:\kunal\Project\smart surveillance\ModelCode\TrainTestData\Training-Normal-Videos-Part-1\Normal_Videos134_x264.mp4,Normal,,1,4476.0
110,110,110,110,110,110,110,110,110,110,110,110,110,110,110,110,110,110,110,110,110,110,110,110,D:\kunal\Project\smart surveillance\ModelCode\TrainTestData\Training-Normal-Videos-Part-1\Normal_Videos135_x264.mp4,Normal,,1,1787.0
111,111,111,111,111,111,111,111,111,111,111,111,111,111,111,111,111,111,111,111,111,111,111,111,D:\kunal\Project\smart surveillance\ModelCode\TrainTestData\Training-Normal-Videos-Part-1\Normal_Videos136_x264.mp4,Normal,,1,34.0
112,112,112,112,112,112,112,112,112,112,112,112,112,112,112,112,112,112,112,112,112,112,112,112,D:\kunal\Project\smart surveillance\ModelCode\TrainTestData\Training-Normal-Videos-Part-1\Normal_Videos137_x264.mp4,Normal,,1,45548.0
113,113,113,113,113,113,113,113,113,113,113,113,113,113,113,113,113,113,113,113,113,113,113,113,D:\kunal\Project\smart surveillance\ModelCode\TrainTestData\Training-Normal-Videos-Part-1\Normal_Videos138_x264.mp4,Normal,,1,34.0
114,114,114,114,114,114,114,114,114,114,114,114,114,114,114,114,114,114,114,114,114,114,114,114,D:\kunal\Project\smart surveillance\ModelCode\TrainTestData\Training-Normal-Videos-Part-1\Normal_Videos139_x264.mp4,Normal,,1,15.0
115,115,115,115,115,115,115,115,115,115,115,115,115,115,115,115,115,115,115,115,115,115,115,115,D:\kunal\Project\smart surveillance\ModelCode\TrainTestData\Training-Normal-Videos-Part-1\Normal_Videos140_x264.mp4,Normal,,1,1795.0
116,116,116,116,116,116,116,116,116,116,116,116,116,116,116,116,116,116,116,116,116,116,116,116,D:\kunal\Project\smart surveillance\ModelCode\TrainTestData\Training-Normal-Videos-Part-1\Normal_Videos141_x264.mp4,Normal,,1,12292.0
117,117,117,117,117,117,117,117,117,117,117,117,117,117,117,117,117,117,117,117,117,117,117,117,D:\kunal\Project\smart surveillance\ModelCode\TrainTestData\Training-Normal-Videos-Part-1\Normal_Videos142_x264.mp4,Normal,,1,1871.0
118,118,118,118,118,118,118,118,118,118,118,118,118,118,118,118,118,118,118,118,118,118,118,118,D:\kunal\Project\smart surveillance\ModelCode\TrainTestData\Training-Normal-Videos-Part-1\Normal_Videos143_x264.mp4,Normal,,1,1789.0
119,119,119,119,119,119,119,119,119,119,119,119,119,119,119,119,119,119,119,119,119,119,119,119,D:\kunal\Project\smart surveillance\ModelCode\TrainTestData\Training-Normal-Videos-Part-1\Normal_Videos144_x264.mp4,Normal,,1,8686.0
120,120,120,120,120,120,120,120,120,120,120,120,120,120,120,120,120,120,120,120,120,120,120,120,D:\kunal\Project\smart surveillance\ModelCode\TrainTestData\Training-Normal-Videos-Part-1\Normal_Videos145_x264.mp4,Normal,,1,4504.0
121,121,121,121,121,121,121,121,121,121,121,121,121,121,121,121,121,121,121,121,121,121,121,121,D:\kunal\Project\smart surveillance\ModelCode\TrainTestData\Training-Normal-Videos-Part-1\Normal_Videos146_x264.mp4,Normal,,1,817.0
122,122,122,122,122,122,122,122,122,122,122,122,122,122,122,122,122,122,122,122,122,122,122,122,D:\kunal\Project\smart surveillance\ModelCode\TrainTestData\Training-Normal-Videos-Part-1\Normal_Videos147_x264.mp4,Normal,,1,509.0
123,123,123,123,123,123,123,123,123,123,123,123,123,123,123,123,123,123,123,123,123,123,123,123,D:\kunal\Project\smart surveillance\ModelCode\TrainTestData\Training-Normal-Videos-Part-1\Normal_Videos148_x264.mp4,Normal,,1,625.0
124,124,124,124,124,124,124,124,124,124,124,124,124,124,124,124,124,124,124,124,124,124,124,124,D:\kunal\Project\smart surveillance\ModelCode\TrainTestData\Training-Normal-Videos-Part-1\Normal_Videos149_x264.mp4,Normal,,1,1021.0
125,125,125,125,125,125,125,125,125,125,125,125,125,125,125,125,125,125,125,125,125,125,125,125,D:\kunal\Project\smart surveillance\ModelCode\TrainTestData\Training-Normal-Videos-Part-1\Normal_Videos151_x264.mp4,Normal,,1,5576.0
126,126,126,126,126,126,126,126,126,126,126,126,126,126,126,126,126,126,126,126,126,126,126,126,D:\kunal\Project\smart surveillance\ModelCode\TrainTestData\Training-Normal-Videos-Part-1\Normal_Videos152_x264.mp4,Normal,,1,8010.0
127,127,127,127,127,127,127,127,127,127,127,127,127,127,127,127,127,127,127,127,127,127,127,127,D:\kunal\Project\smart surveillance\ModelCode\TrainTestData\Training-Normal-Videos-Part-1\Normal_Videos153_x264.mp4,Normal,,1,8010.0
128,128,128,128,128,128,128,128,128,128,128,128,128,128,128,128,128,128,128,128,128,128,128,128,D:\kunal\Project\smart surveillance\ModelCode\TrainTestData\Training-Normal-Videos-Part-1\Normal_Videos154_x264.mp4,Normal,,1,742.0
129,129,129,129,129,129,129,129,129,129,129,129,129,129,129,129,129,129,129,129,129,129,129,129,D:\kunal\Project\smart surveillance\ModelCode\TrainTestData\Training-Normal-Videos-Part-1\Normal_Videos155_x264.mp4,Normal,,1,210.0
130,130,130,130,130,130,130,130,130,130,130,130,130,130,130,130,130,130,130,130,130,130,130,130,D:\kunal\Project\smart surveillance\ModelCode\TrainTestData\Training-Normal-Videos-Part-1\Normal_Videos156_x264.mp4,Normal,,1,744.0
131,131,131,131,131,131,131,131,131,131,131,131,131,131,131,131,131,131,131,131,131,131,131,131,D:\kunal\Project\smart surveillance\ModelCode\TrainTestData\Training-Normal-Videos-Part-1\Normal_Videos157_x264.mp4,Normal,,1,203.0
132,132,132,132,132,132,132,132,132,132,132,132,132,132,132,132,132,132,132,132,132,132,132,132,D:\kunal\Project\smart surveillance\ModelCode\TrainTestData\Training-Normal-Videos-Part-1\Normal_Videos158_x264.mp4,Normal,,1,541.0
133,133,133,133,133,133,133,133,133,133,133,133,133,133,133,133,133,133,133,133,133,133,133,133,D:\kunal\Project\smart surveillance\ModelCode\TrainTestData\Training-Normal-Videos-Part-1\Normal_Videos159_x264.mp4,Normal,,1,1080.0
134,134,134,134,134,134,134,134,134,134,134,134,134,134,134,134,134,134,134,134,134,134,134,134,D:\kunal\Project\smart surveillance\ModelCode\TrainTestData\Training-Normal-Videos-Part-1\Normal_Videos160_x264.mp4,Normal,,1,3600.0
135,135,135,135,135,135,135,135,135,135,135,135,135,135,135,135,135,135,135,135,135,135,135,135,D:\kunal\Project\smart surveillance\ModelCode\TrainTestData\Training-Normal-Videos-Part-1\Normal_Videos161_x264.mp4,Normal,,1,5880.0
136,136,136,136,136,136,136,136,136,136,136,136,136,136,136,136,136,136,136,136,136,136,136,136,D:\kunal\Project\smart surveillance\ModelCode\TrainTestData\Training-Normal-Videos-Part-1\Normal_Videos162_x264.mp4,Normal,,1,1169.0
137,137,137,137,137,137,137,137,137,137,137,137,137,137,137,137,137,137,137,137,137,137,137,137,D:\kunal\Project\smart surveillance\ModelCode\TrainTestData\Training-Normal-Videos-Part-1\Normal_Videos163_x264.mp4,Normal,,1,3304.0
138,138,138,138,138,138,138,138,138,138,138,138,138,138,138,138,138,138,138,138,138,138,138,138,D:\kunal\Project\smart surveillance\ModelCode\TrainTestData\Training-Normal-Videos-Part-1\Normal_Videos164_x264.mp4,Normal,,1,10326.0
139,139,139,139,139,139,139,139,139,139,139,139,139,139,139,139,139,139,139,139,139,139,139,139,D:\kunal\Project\smart surveillance\ModelCode\TrainTestData\Training-Normal-Videos-Part-1\Normal_Videos165_x264.mp4,Normal,,1,288.0
140,140,140,140,140,140,140,140,140,140,140,140,140,140,140,140,140,140,140,140,140,140,140,140,D:\kunal\Project\smart surveillance\ModelCode\TrainTestData\Training-Normal-Videos-Part-1\Normal_Videos166_x264.mp4,Normal,,1,1607.0
141,141,141,141,141,141,141,141,141,141,141,141,141,141,141,141,141,141,141,141,141,141,141,141,D:\kunal\Project\smart surveillance\ModelCode\TrainTestData\Training-Normal-Videos-Part-1\Normal_Videos167_x264.mp4,Normal,,1,1579.0
142,142,142,142,142,142,142,142,142,142,142,142,142,142,142,142,142,142,142,142,142,142,142,142,D:\kunal\Project\smart surveillance\ModelCode\TrainTestData\Training-Normal-Videos-Part-1\Normal_Videos169_x264.mp4,Normal,,1,1554.0
143,143,143,143,143,143,143,143,143,143,143,143,143,143,143,143,143,143,143,143,143,143,143,143,D:\kunal\Project\smart surveillance\ModelCode\TrainTestData\Training-Normal-Videos-Part-1\Normal_Videos170_x264.mp4,Normal,,1,1086.0
144,144,144,144,144,144,144,144,144,144,144,144,144,144,144,144,144,144,144,144,144,144,144,144,D:\kunal\Project\smart surveillance\ModelCode\TrainTestData\Training-Normal-Videos-Part-1\Normal_Videos171_x264.mp4,Normal,,1,30985.0
145,145,145,145,145,145,145,145,145,145,145,145,145,145,145,145,145,145,145,145,145,145,145,145,D:\kunal\Project\smart surveillance\ModelCode\TrainTestData\Training-Normal-Videos-Part-1\Normal_Videos172_x264.mp4,Normal,,1,11858.0
146,146,146,146,146,146,146,146,146,146,146,146,146,146,146,146,146,146,146,146,146,146,146,146,D:\kunal\Project\smart surveillance\ModelCode\TrainTestData\Training-Normal-Videos-Part-1\Normal_Videos173_x264.mp4,Normal,,1,600.0
147,147,147,147,147,147,147,147,147,147,147,147,147,147,147,147,147,147,147,147,147,147,147,147,D:\kunal\Project\smart surveillance\ModelCode\TrainTestData\Training-Normal-Videos-Part-1\Normal_Videos174_x264.mp4,Normal,,1,926.0
148,148,148,148,148,148,148,148,148,148,148,148,148,148,148,148,148,148,148,148,148,148,148,148,D:\kunal\Project\smart surveillance\ModelCode\TrainTestData\Training-Normal-Videos-Part-1\Normal_Videos176_x264.mp4,Normal,,1,5694.0
149,149,149,149,149,149,149,149,149,149,149,149,149,149,149,149,149,149,149,149,149,149,149,149,D:\kunal\Project\smart surveillance\ModelCode\TrainTestData\Training-Normal-Videos-Part-1\Normal_Videos177_x264.mp4,Normal,,1,11312.0
150,150,150,150,150,150,150,150,150,150,150,150,150,150,150,150,150,150,150,150,150,150,150,150,D:\kunal\Project\smart surveillance\ModelCode\TrainTestData\Training-Normal-Videos-Part-1\Normal_Videos178_x264.mp4,Normal,,1,1028.0
151,151,151,151,151,151,151,151,151,151,151,151,151,151,151,151,151,151,151,151,151,151,151,151,D:\kunal\Project\smart surveillance\ModelCode\TrainTestData\Training-Normal-Videos-Part-1\Normal_Videos179_x264.mp4,Normal,,1,5004.0
152,152,152,152,152,152,152,152,152,152,152,152,152,152,152,152,152,152,152,152,152,152,152,152,D:\kunal\Project\smart surveillance\ModelCode\TrainTestData\Training-Normal-Videos-Part-1\Normal_Videos180_x264.mp4,Normal,,1,5520.0
153,153,153,153,153,153,153,153,153,153,153,153,153,153,153,153,153,153,153,153,153,153,153,153,D:\kunal\Project\smart surveillance\ModelCode\TrainTestData\Training-Normal-Videos-Part-1\Normal_Videos181_x264.mp4,Normal,,1,4136.0
154,154,154,154,154,154,154,154,154,154,154,154,154,154,154,154,154,154,154,154,154,154,154,154,D:\kunal\Project\smart surveillance\ModelCode\TrainTestData\Training-Normal-Videos-Part-1\Normal_Videos183_x264.mp4,Normal,,1,1680.0
155,155,155,155,155,155,155,155,155,155,155,155,155,155,155,155,155,155,155,155,155,155,155,155,D:\kunal\Project\smart surveillance\ModelCode\TrainTestData\Training-Normal-Videos-Part-1\Normal_Videos184_x264.mp4,Normal,,1,1927.0
156,156,156,156,156,156,156,156,156,156,156,156,156,156,156,156,156,156,156,156,156,156,156,156,D:\kunal\Project\smart surveillance\ModelCode\TrainTestData\Training-Normal-Videos-Part-1\Normal_Videos185_x264.mp4,Normal,,1,9199.0
157,157,157,157,157,157,157,157,157,157,157,157,157,157,157,157,157,157,157,157,157,157,157,157,D:\kunal\Project\smart surveillance\ModelCode\TrainTestData\Training-Normal-Videos-Part-1\Normal_Videos186_x264.mp4,Normal,,1,8693.0
158,158,158,158,158,158,158,158,158,158,158,158,158,158,158,158,158,158,158,158,158,158,158,158,D:\kunal\Project\smart surveillance\ModelCode\TrainTestData\Training-Normal-Videos-Part-1\Normal_Videos187_x264.mp4,Normal,,1,39.0
159,159,159,159,159,159,159,159,159,159,159,159,159,159,159,159,159,159,159,159,159,159,159,159,D:\kunal\Project\smart surveillance\ModelCode\TrainTestData\Training-Normal-Videos-Part-1\Normal_Videos188_x264.mp4,Normal,,1,8989.0
160,160,160,160,160,160,160,160,160,160,160,160,160,160,160,160,160,160,160,160,160,160,160,160,D:\kunal\Project\smart surveillance\ModelCode\TrainTestData\Training-Normal-Videos-Part-1\Normal_Videos190_x264.mp4,Normal,,1,3627.0
161,161,161,161,161,161,161,161,161,161,161,161,161,161,161,161,161,161,161,161,161,161,161,161,D:\kunal\Project\smart surveillance\ModelCode\TrainTestData\Training-Normal-Videos-Part-1\Normal_Videos191_x264.mp4,Normal,,1,3595.0
162,162,162,162,162,162,162,162,162,162,162,162,162,162,162,162,162,162,162,162,162,162,162,162,D:\kunal\Project\smart surveillance\ModelCode\TrainTestData\Training-Normal-Videos-Part-1\Normal_Videos192_x264.mp4,Normal,,1,4021.0
163,163,163,163,163,163,163,163,163,163,163,163,163,163,163,163,163,163,163,163,163,163,163,163,D:\kunal\Project\smart surveillance\ModelCode\TrainTestData\Training-Normal-Videos-Part-1\Normal_Videos193_x264.mp4,Normal,,1,3565.0
164,164,164,164,164,164,164,164,164,164,164,164,164,164,164,164,164,164,164,164,164,164,164,164,D:\kunal\Project\smart surveillance\ModelCode\TrainTestData\Training-Normal-Videos-Part-1\Normal_Videos194_x264.mp4,Normal,,1,4141.0
165,165,165,165,165,165,165,165,165,165,165,165,165,165,165,165,165,165,165,165,165,165,165,165,D:\kunal\Project\smart surveillance\ModelCode\TrainTestData\Training-Normal-Videos-Part-1\Normal_Videos195_x264.mp4,Normal,,1,4755.0
166,166,166,166,166,166,166,166,166,166,166,166,166,166,166,166,166,166,166,166,166,166,166,166,D:\kunal\Project\smart surveillance\ModelCode\TrainTestData\Training-Normal-Videos-Part-1\Normal_Videos197_x264.mp4,Normal,,1,2465.0
167,167,167,167,167,167,167,167,167,167,167,167,167,167,167,167,167,167,167,167,167,167,167,167,D:\kunal\Project\smart surveillance\ModelCode\TrainTestData\Training-Normal-Videos-Part-1\Normal_Videos198_x264.mp4,Normal,,1,2242.0
168,168,168,168,168,168,168,168,168,168,168,168,168,168,168,168,168,168,168,168,168,168,168,168,D:\kunal\Project\smart surveillance\ModelCode\TrainTestData\Training-Normal-Videos-Part-1\Normal_Videos199_x264.mp4,Normal,,1,7034.0
169,169,169,169,169,169,169,169,169,169,169,169,169,169,169,169,169,169,169,169,169,169,169,169,D:\kunal\Project\smart surveillance\ModelCode\TrainTestData\Training-Normal-Videos-Part-1\Normal_Videos200_x264.mp4,Normal,,1,3706.0
170,170,170,170,170,170,170,170,170,170,170,170,170,170,170,170,170,170,170,170,170,170,170,170,D:\kunal\Project\smart surveillance\ModelCode\TrainTestData\Training-Normal-Videos-Part-1\Normal_Videos201_x264.mp4,Normal,,1,2849.0
171,171,171,171,171,171,171,171,171,171,171,171,171,171,171,171,171,171,171,171,171,171,171,171,D:\kunal\Project\smart surveillance\ModelCode\TrainTestData\Training-Normal-Videos-Part-1\Normal_Videos202_x264.mp4,Normal,,1,2495.0
172,172,172,172,172,172,172,172,172,172,172,172,172,172,172,172,172,172,172,172,172,172,172,172,D:\kunal\Project\smart surveillance\ModelCode\TrainTestData\Training-Normal-Videos-Part-1\Normal_Videos204_x264.mp4,Normal,,1,824.0
173,173,173,173,173,173,173,173,173,173,173,173,173,173,173,173,173,173,173,173,173,173,173,173,D:\kunal\Project\smart surveillance\ModelCode\TrainTestData\Training-Normal-Videos-Part-1\Normal_Videos205_x264.mp4,Normal,,1,7843.0
174,174,174,174,174,174,174,174,174,174,174,174,174,174,174,174,174,174,174,174,174,174,174,174,D:\kunal\Project\smart surveillance\ModelCode\TrainTestData\Training-Normal-Videos-Part-1\Normal_Videos206_x264.mp4,Normal,,1,10733.0
175,175,175,175,175,175,175,175,175,175,175,175,175,175,175,175,175,175,175,175,175,175,175,175,D:\kunal\Project\smart surveillance\ModelCode\TrainTestData\Training-Normal-Videos-Part-1\Normal_Videos207_x264.mp4,Normal,,1,2609.0
176,176,176,176,176,176,176,176,176,176,176,176,176,176,176,176,176,176,176,176,176,176,176,176,D:\kunal\Project\smart surveillance\ModelCode\TrainTestData\Training-Normal-Videos-Part-1\Normal_Videos208_x264.mp4,Normal,,1,2250.0
177,177,177,177,177,177,177,177,177,177,177,177,177,177,177,177,177,177,177,177,177,177,177,177,D:\kunal\Project\smart surveillance\ModelCode\TrainTestData\Training-Normal-Videos-Part-1\Normal_Videos209_x264.mp4,Normal,,1,633.0
178,178,178,178,178,178,178,178,178,178,178,178,178,178,178,178,178,178,178,178,178,178,178,178,D:\kunal\Project\smart surveillance\ModelCode\TrainTestData\Training-Normal-Videos-Part-1\Normal_Videos211_x264.mp4,Normal,,1,8328.0
179,179,179,179,179,179,179,179,179,179,179,179,179,179,179,179,179,179,179,179,179,179,179,179,D:\kunal\Project\smart surveillance\ModelCode\TrainTestData\Training-Normal-Videos-Part-1\Normal_Videos212_x264.mp4,Normal,,1,15030.0
180,180,180,180,180,180,180,180,180,180,180,180,180,180,180,180,180,180,180,180,180,180,180,180,D:\kunal\Project\smart surveillance\ModelCode\TrainTestData\Training-Normal-Videos-Part-1\Normal_Videos213_x264.mp4,Normal,,1,1786.0
181,181,181,181,181,181,181,181,181,181,181,181,181,181,181,181,181,181,181,181,181,181,181,181,D:\kunal\Project\smart surveillance\ModelCode\TrainTestData\Training-Normal-Videos-Part-1\Normal_Videos214_x264.mp4,Normal,,1,11259.0
182,182,182,182,182,182,182,182,182,182,182,182,182,182,182,182,182,182,182,182,182,182,182,182,D:\kunal\Project\smart surveillance\ModelCode\TrainTestData\Training-Normal-Videos-Part-1\Normal_Videos215_x264.mp4,Normal,,1,883.0
183,183,183,183,183,183,183,183,183,183,183,183,183,183,183,183,183,183,183,183,183,183,183,183,D:\kunal\Project\smart surveillance\ModelCode\TrainTestData\Training-Normal-Videos-Part-1\Normal_Videos216_x264.mp4,Normal,,1,3420.0
184,184,184,184,184,184,184,184,184,184,184,184,184,184,184,184,184,184,184,184,184,184,184,184,D:\kunal\Project\smart surveillance\ModelCode\TrainTestData\Training-Normal-Videos-Part-1\Normal_Videos218_x264.mp4,Normal,,1,1233.0
185,185,185,185,185,185,185,185,185,185,185,185,185,185,185,185,185,185,185,185,185,185,185,185,D:\kunal\Project\smart surveillance\ModelCode\TrainTestData\Training-Normal-Videos-Part-1\Normal_Videos219_x264.mp4,Normal,,1,2670.0
186,186,186,186,186,186,186,186,186,186,186,186,186,186,186,186,186,186,186,186,186,186,186,186,D:\kunal\Project\smart surveillance\ModelCode\TrainTestData\Training-Normal-Videos-Part-1\Normal_Videos220_x264.mp4,Normal,,1,2733.0
187,187,187,187,187,187,187,187,187,187,187,187,187,187,187,187,187,187,187,187,187,187,187,187,D:\kunal\Project\smart surveillance\ModelCode\TrainTestData\Training-Normal-Videos-Part-1\Normal_Videos221_x264.mp4,Normal,,1,2229.0
188,188,188,188,188,188,188,188,188,188,188,188,188,188,188,188,188,188,188,188,188,188,188,188,D:\kunal\Project\smart surveillance\ModelCode\TrainTestData\Training-Normal-Videos-Part-1\Normal_Videos222_x264.mp4,Normal,,1,949.0
189,189,189,189,189,189,189,189,189,189,189,189,189,189,189,189,189,189,189,189,189,189,189,189,D:\kunal\Project\smart surveillance\ModelCode\TrainTestData\Training-Normal-Videos-Part-1\Normal_Videos223_x264.mp4,Normal,,1,4232.0
190,190,190,190,190,190,190,190,190,190,190,190,190,190,190,190,190,190,190,190,190,190,190,190,D:\kunal\Project\smart surveillance\ModelCode\TrainTestData\Training-Normal-Videos-Part-1\Normal_Videos225_x264.mp4,Normal,,1,19941.0
191,191,191,191,191,191,191,191,191,191,191,191,191,191,191,191,191,191,191,191,191,191,191,191,D:\kunal\Project\smart surveillance\ModelCode\TrainTestData\Training-Normal-Videos-Part-1\Normal_Videos226_x264.mp4,Normal,,1,14534.0
192,192,192,192,192,192,192,192,192,192,192,192,192,192,192,192,192,192,192,192,192,192,192,192,D:\kunal\Project\smart surveillance\ModelCode\TrainTestData\Training-Normal-Videos-Part-1\Normal_Videos227_x264.mp4,Normal,,1,1657.0
193,193,193,193,193,193,193,193,193,193,193,193,193,193,193,193,193,193,193,193,193,193,193,193,D:\kunal\Project\smart surveillance\ModelCode\TrainTestData\Training-Normal-Videos-Part-1\Normal_Videos228_x264.mp4,Normal,,1,1803.0
194,194,194,194,194,194,194,194,194,194,194,194,194,194,194,194,194,194,194,194,194,194,194,194,D:\kunal\Project\smart surveillance\ModelCode\TrainTestData\Training-Normal-Videos-Part-1\Normal_Videos229_x264.mp4,Normal,,1,1827.0
195,195,195,195,195,195,195,195,195,195,195,195,195,195,195,195,195,195,195,195,195,195,195,195,D:\kunal\Project\smart surveillance\ModelCode\TrainTestData\Training-Normal-Videos-Part-1\Normal_Videos230_x264.mp4,Normal,,1,480.0
196,196,196,196,196,196,196,196,196,196,196,196,196,196,196,196,196,196,196,196,196,196,196,196,D:\kunal\Project\smart surveillance\ModelCode\TrainTestData\Training-Normal-Videos-Part-1\Normal_Videos231_x264.mp4,Normal,,1,8482.0
197,197,197,197,197,197,197,197,197,197,197,197,197,197,197,197,197,197,197,197,197,197,197,197,D:\kunal\Project\smart surveillance\ModelCode\TrainTestData\Training-Normal-Videos-Part-1\Normal_Videos232_x264.mp4,Normal,,1,1495.0
198,198,198,198,198,198,198,198,198,198,198,198,198,198,198,198,198,198,198,198,198,198,198,198,D:\kunal\Project\smart surveillance\ModelCode\TrainTestData\Training-Normal-Videos-Part-1\Normal_Videos233_x264.mp4,Normal,,1,918.0
199,199,199,199,199,199,199,199,199,199,199,199,199,199,199,199,199,199,199,199,199,199,199,199,D:\kunal\Project\smart surveillance\ModelCode\TrainTestData\Training-Normal-Videos-Part-1\Normal_Videos234_x264.mp4,Normal,,1,5400.0
200,200,200,200,200,200,200,200,200,200,200,200,200,200,200,200,200,200,200,200,200,200,200,200,D:\kunal\Project\smart surveillance\ModelCode\TrainTestData\Training-Normal-Videos-Part-1\Normal_Videos235_x264.mp4,Normal,,1,2244.0
201,201,201,201,201,201,201,201,201,201,201,201,201,201,201,201,201,201,201,201,201,201,201,201,D:\kunal\Project\smart surveillance\ModelCode\TrainTestData\Training-Normal-Videos-Part-1\Normal_Videos236_x264.mp4,Normal,,1,3380.0
202,202,202,202,202,202,202,202,202,202,202,202,202,202,202,202,202,202,202,202,202,202,202,202,D:\kunal\Project\smart surveillance\ModelCode\TrainTestData\Training-Normal-Videos-Part-1\Normal_Videos237_x264.mp4,Normal,,1,1724.0
203,203,203,203,203,203,203,203,203,203,203,203,203,203,203,203,203,203,203,203,203,203,203,203,D:\kunal\Project\smart surveillance\ModelCode\TrainTestData\Training-Normal-Videos-Part-1\Normal_Videos238_x264.mp4,Normal,,1,3014.0
204,204,204,204,204,204,204,204,204,204,204,204,204,204,204,204,204,204,204,204,204,204,204,204,D:\kunal\Project\smart surveillance\ModelCode\TrainTestData\Training-Normal-Videos-Part-1\Normal_Videos239_x264.mp4,Normal,,1,3554.0
205,205,205,205,205,205,205,205,205,205,205,205,205,205,205,205,205,205,205,205,205,205,205,205,D:\kunal\Project\smart surveillance\ModelCode\TrainTestData\Training-Normal-Videos-Part-1\Normal_Videos240_x264.mp4,Normal,,1,4174.0
206,206,206,206,206,206,206,206,206,206,206,206,206,206,206,206,206,206,206,206,206,206,206,206,D:\kunal\Project\smart surveillance\ModelCode\TrainTestData\Training-Normal-Videos-Part-1\Normal_Videos241_x264.mp4,Normal,,1,2341.0
207,207,207,207,207,207,207,207,207,207,207,207,207,207,207,207,207,207,207,207,207,207,207,207,D:\kunal\Project\smart surveillance\ModelCode\TrainTestData\Training-Normal-Videos-Part-1\Normal_Videos242_x264.mp4,Normal,,1,1791.0
208,208,208,208,208,208,208,208,208,208,208,208,208,208,208,208,208,208,208,208,208,208,208,208,D:\kunal\Project\smart surveillance\ModelCode\TrainTestData\Training-Normal-Videos-Part-1\Normal_Videos243_x264.mp4,Normal,,1,1827.0
209,209,209,209,209,209,209,209,209,209,209,209,209,209,209,209,209,209,209,209,209,209,209,209,D:\kunal\Project\smart surveillance\ModelCode\TrainTestData\Training-Normal-Videos-Part-1\Normal_Videos244_x264.mp4,Normal,,1,2756.0
210,210,210,210,210,210,210,210,210,210,210,210,210,210,210,210,210,210,210,210,210,210,210,210,D:\kunal\Project\smart surveillance\ModelCode\TrainTestData\Training-Normal-Videos-Part-1\Normal_Videos245_x264.mp4,Normal,,1,18007.0
211,211,211,211,211,211,211,211,211,211,211,211,211,211,211,211,211,211,211,211,211,211,211,211,D:\kunal\Project\smart surveillance\ModelCode\TrainTestData\Training-Normal-Videos-Part-1\Normal_Videos249_x264.mp4,Normal,,1,621.0
212,212,212,212,212,212,212,212,212,212,212,212,212,212,212,212,212,212,212,212,212,212,212,212,D:\kunal\Project\smart surveillance\ModelCode\TrainTestData\Training-Normal-Videos-Part-1\Normal_Videos250_x264.mp4,Normal,,1,3593.0
213,213,213,213,213,213,213,213,213,213,213,213,213,213,213,213,213,213,213,213,213,213,213,213,D:\kunal\Project\smart surveillance\ModelCode\TrainTestData\Training-Normal-Videos-Part-1\Normal_Videos252_x264.mp4,Normal,,1,1803.0
214,214,214,214,214,214,214,214,214,214,214,214,214,214,214,214,214,214,214,214,214,214,214,214,D:\kunal\Project\smart surveillance\ModelCode\TrainTestData\Training-Normal-Videos-Part-1\Normal_Videos253_x264.mp4,Normal,,1,516.0
215,215,215,215,215,215,215,215,215,215,215,215,215,215,215,215,215,215,215,215,215,215,215,215,D:\kunal\Project\smart surveillance\ModelCode\TrainTestData\Training-Normal-Videos-Part-1\Normal_Videos254_x264.mp4,Normal,,1,1231.0
216,216,216,216,216,216,216,216,216,216,216,216,216,216,216,216,216,216,216,216,216,216,216,216,D:\kunal\Project\smart surveillance\ModelCode\TrainTestData\Training-Normal-Videos-Part-1\Normal_Videos255_x264.mp4,Normal,,1,3600.0
217,217,217,217,217,217,217,217,217,217,217,217,217,217,217,217,217,217,217,217,217,217,217,217,D:\kunal\Project\smart surveillance\ModelCode\TrainTestData\Training-Normal-Videos-Part-1\Normal_Videos256_x264.mp4,Normal,,1,1896.0
218,218,218,218,218,218,218,218,218,218,218,218,218,218,218,218,218,218,218,218,218,218,218,218,D:\kunal\Project\smart surveillance\ModelCode\TrainTestData\Training-Normal-Videos-Part-1\Normal_Videos257_x264.mp4,Normal,,1,1406.0
219,219,219,219,219,219,219,219,219,219,219,219,219,219,219,219,219,219,219,219,219,219,219,219,D:\kunal\Project\smart surveillance\ModelCode\TrainTestData\Training-Normal-Videos-Part-1\Normal_Videos258_x264.mp4,Normal,,1,1167.0
220,220,220,220,220,220,220,220,220,220,220,220,220,220,220,220,220,220,220,220,220,220,220,220,D:\kunal\Project\smart surveillance\ModelCode\TrainTestData\Training-Normal-Videos-Part-1\Normal_Videos259_x264.mp4,Normal,,1,2144.0
221,221,221,221,221,221,221,221,221,221,221,221,221,221,221,221,221,221,221,221,221,221,221,221,D:\kunal\Project\smart surveillance\ModelCode\TrainTestData\Training-Normal-Videos-Part-1\Normal_Videos260_x264.mp4,Normal,,1,2751.0
222,222,222,222,222,222,222,222,222,222,222,222,222,222,222,222,222,222,222,222,222,222,222,222,D:\kunal\Project\smart surveillance\ModelCode\TrainTestData\Training-Normal-Videos-Part-1\Normal_Videos261_x264.mp4,Normal,,1,3592.0
223,223,223,223,223,223,223,223,223,223,223,223,223,223,223,223,223,223,223,223,223,223,223,223,D:\kunal\Project\smart surveillance\ModelCode\TrainTestData\Training-Normal-Videos-Part-1\Normal_Videos262_x264.mp4,Normal,,1,7178.0
224,224,224,224,224,224,224,224,224,224,224,224,224,224,224,224,224,224,224,224,224,224,224,224,D:\kunal\Project\smart surveillance\ModelCode\TrainTestData\Training-Normal-Videos-Part-1\Normal_Videos263_x264.mp4,Normal,,1,1800.0
225,225,225,225,225,225,225,225,225,225,225,225,225,225,225,225,225,225,225,225,225,225,225,225,D:\kunal\Project\smart surveillance\ModelCode\TrainTestData\Training-Normal-Videos-Part-1\Normal_Videos264_x264.mp4,Normal,,1,3900.0
226,226,226,226,226,226,226,226,226,226,226,226,226,226,226,226,226,226,226,226,226,226,226,226,D:\kunal\Project\smart surveillance\ModelCode\TrainTestData\Training-Normal-Videos-Part-1\Normal_Videos265_x264.mp4,Normal,,1,1329.0
227,227,227,227,227,227,227,227,227,227,227,227,227,227,227,227,227,227,227,227,227,227,227,227,D:\kunal\Project\smart surveillance\ModelCode\TrainTestData\Training-Normal-Videos-Part-1\Normal_Videos266_x264.mp4,Normal,,1,23283.0
228,228,228,228,228,228,228,228,228,228,228,228,228,228,228,228,228,228,228,228,228,228,228,228,D:\kunal\Project\smart surveillance\ModelCode\TrainTestData\Training-Normal-Videos-Part-1\Normal_Videos267_x264.mp4,Normal,,1,3277.0
229,229,229,229,229,229,229,229,229,229,229,229,229,229,229,229,229,229,229,229,229,229,229,229,D:\kunal\Project\smart surveillance\ModelCode\TrainTestData\Training-Normal-Videos-Part-1\Normal_Videos268_x264.mp4,Normal,,1,1970.0
230,230,230,230,230,230,230,230,230,230,230,230,230,230,230,230,230,230,230,230,230,230,230,230,D:\kunal\Project\smart surveillance\ModelCode\TrainTestData\Training-Normal-Videos-Part-1\Normal_Videos269_x264.mp4,Normal,,1,295.0
231,231,231,231,231,231,231,231,231,231,231,231,231,231,231,231,231,231,231,231,231,231,231,231,D:\kunal\Project\smart surveillance\ModelCode\TrainTestData\Training-Normal-Videos-Part-1\Normal_Videos270_x264.mp4,Normal,,1,2118.0
232,232,232,232,232,232,232,232,232,232,232,232,232,232,232,232,232,232,232,232,232,232,232,232,D:\kunal\Project\smart surveillance\ModelCode\TrainTestData\Training-Normal-Videos-Part-1\Normal_Videos271_x264.mp4,Normal,,1,1845.0
233,233,233,233,233,233,233,233,233,233,233,233,233,233,233,233,233,233,233,233,233,233,233,233,D:\kunal\Project\smart surveillance\ModelCode\TrainTestData\Training-Normal-Videos-Part-1\Normal_Videos272_x264.mp4,Normal,,1,2901.0
234,234,234,234,234,234,234,234,234,234,234,234,234,234,234,234,234,234,234,234,234,234,234,234,D:\kunal\Project\smart surveillance\ModelCode\TrainTestData\Training-Normal-Videos-Part-1\Normal_Videos273_x264.mp4,Normal,,1,3814.0
235,235,235,235,235,235,235,235,235,235,235,235,235,235,235,235,235,235,235,235,235,235,235,235,D:\kunal\Project\smart surveillance\ModelCode\TrainTestData\Training-Normal-Videos-Part-1\Normal_Videos274_x264.mp4,Normal,,1,9011.0
236,236,236,236,236,236,236,236,236,236,236,236,236,236,236,236,236,236,236,236,236,236,236,236,D:\kunal\Project\smart surveillance\ModelCode\TrainTestData\Training-Normal-Videos-Part-1\Normal_Videos275_x264.mp4,Normal,,1,2300.0
237,237,237,237,237,237,237,237,237,237,237,237,237,237,237,237,237,237,237,237,237,237,237,237,D:\kunal\Project\smart surveillance\ModelCode\TrainTestData\Training-Normal-Videos-Part-1\Normal_Videos276_x264.mp4,Normal,,1,4169.0
238,238,238,238,238,238,238,238,238,238,238,238,238,238,238,238,238,238,238,238,238,238,238,238,D:\kunal\Project\smart surveillance\ModelCode\TrainTestData\Training-Normal-Videos-Part-1\Normal_Videos277_x264.mp4,Normal,,1,24320.0
239,239,239,239,239,239,239,239,239,239,239,239,239,239,239,239,239,239,239,239,239,239,239,239,D:\kunal\Project\smart surveillance\ModelCode\TrainTestData\Training-Normal-Videos-Part-1\Normal_Videos278_x264.mp4,Normal,,1,1935.0
240,240,240,240,240,240,240,240,240,240,240,240,240,240,240,240,240,240,240,240,240,240,240,240,D:\kunal\Project\smart surveillance\ModelCode\TrainTestData\Training-Normal-Videos-Part-1\Normal_Videos279_x264.mp4,Normal,,1,4259.0
241,241,241,241,241,241,241,241,241,241,241,241,241,241,241,241,241,241,241,241,241,241,241,241,D:\kunal\Project\smart surveillance\ModelCode\TrainTestData\Training-Normal-Videos-Part-1\Normal_Videos280_x264.mp4,Normal,,1,2551.0
242,242,242,242,242,242,242,242,242,242,242,242,242,242,242,242,242,242,242,242,242,242,242,242,D:\kunal\Project\smart surveillance\ModelCode\TrainTestData\Training-Normal-Videos-Part-1\Normal_Videos281_x264.mp4,Normal,,1,345.0
243,243,243,243,243,243,243,243,243,243,243,243,243,243,243,243,243,243,243,243,243,243,243,243,D:\kunal\Project\smart surveillance\ModelCode\TrainTestData\Training-Normal-Videos-Part-1\Normal_Videos282_x264.mp4,Normal,,1,4110.0
244,244,244,244,244,244,244,244,244,244,244,244,244,244,244,244,244,244,244,244,244,244,244,244,D:\kunal\Project\smart surveillance\ModelCode\TrainTestData\Training-Normal-Videos-Part-1\Normal_Videos283_x264.mp4,Normal,,1,8997.0
245,245,245,245,245,245,245,245,245,245,245,245,245,245,245,245,245,245,245,245,245,245,245,245,D:\kunal\Project\smart surveillance\ModelCode\TrainTestData\Training-Normal-Videos-Part-1\Normal_Videos284_x264.mp4,Normal,,1,2155.0
246,246,246,246,246,246,246,246,246,246,246,246,246,246,246,246,246,246,246,246,246,246,246,246,D:\kunal\Project\smart surveillance\ModelCode\TrainTestData\Training-Normal-Videos-Part-1\Normal_Videos285_x264.mp4,Normal,,1,1920.0
247,247,247,247,247,247,247,247,247,247,247,247,247,247,247,247,247,247,247,247,247,247,247,247,D:\kunal\Project\smart surveillance\ModelCode\TrainTestData\Training-Normal-Videos-Part-1\Normal_Videos286_x264.mp4,Normal,,1,329.0
248,248,248,248,248,248,248,248,248,248,248,248,248,248,248,248,248,248,248,248,248,248,248,248,D:\kunal\Project\smart surveillance\ModelCode\TrainTestData\Training-Normal-Videos-Part-1\Normal_Videos287_x264.mp4,Normal,,1,1817.0
249,249,249,249,249,249,249,249,249,249,249,249,249,249,249,249,249,249,249,249,249,249,249,249,D:\kunal\Project\smart surveillance\ModelCode\TrainTestData\Training-Normal-Videos-Part-1\Normal_Videos288_x264.mp4,Normal,,1,3525.0
250,250,250,250,250,250,250,250,250,250,250,250,250,250,250,250,250,250,250,250,250,250,250,250,D:\kunal\Project\smart surveillance\ModelCode\TrainTestData\Training-Normal-Videos-Part-1\Normal_Videos290_x264.mp4,Normal,,1,278.0
251,251,251,251,251,251,251,251,251,251,251,251,251,251,251,251,251,251,251,251,251,251,251,251,D:\kunal\Project\smart surveillance\ModelCode\TrainTestData\Training-Normal-Videos-Part-1\Normal_Videos291_x264.mp4,Normal,,1,444.0
252,252,252,252,252,252,252,252,252,252,252,252,252,252,252,252,252,252,252,252,252,252,252,252,D:\kunal\Project\smart surveillance\ModelCode\TrainTestData\Training-Normal-Videos-Part-1\Normal_Videos292_x264.mp4,Normal,,1,4302.0
253,253,253,253,253,253,253,253,253,253,253,253,253,253,253,253,253,253,253,253,253,253,253,253,D:\kunal\Project\smart surveillance\ModelCode\TrainTestData\Training-Normal-Videos-Part-1\Normal_Videos293_x264.mp4,Normal,,1,499.0
254,254,254,254,254,254,254,254,254,254,254,254,254,254,254,254,254,254,254,254,254,254,254,254,D:\kunal\Project\smart surveillance\ModelCode\TrainTestData\Training-Normal-Videos-Part-1\Normal_Videos294_x264.mp4,Normal,,1,940.0
255,255,255,255,255,255,255,255,255,255,255,255,255,255,255,255,255,255,255,255,255,255,255,255,D:\kunal\Project\smart surveillance\ModelCode\TrainTestData\Training-Normal-Videos-Part-1\Normal_Videos295_x264.mp4,Normal,,1,843.0
256,256,256,256,256,256,256,256,256,256,256,256,256,256,256,256,256,256,256,256,256,256,256,256,D:\kunal\Project\smart surveillance\ModelCode\TrainTestData\Training-Normal-Videos-Part-1\Normal_Videos296_x264.mp4,Normal,,1,603.0
257,257,257,257,257,257,257,257,257,257,257,257,257,257,257,257,257,257,257,257,257,257,257,257,D:\kunal\Project\smart surveillance\ModelCode\TrainTestData\Training-Normal-Videos-Part-1\Normal_Videos297_x264.mp4,Normal,,1,369.0
258,258,258,258,258,258,258,258,258,258,258,258,258,258,258,258,258,258,258,258,258,258,258,258,D:\kunal\Project\smart surveillance\ModelCode\TrainTestData\Training-Normal-Videos-Part-1\Normal_Videos298_x264.mp4,Normal,,1,3339.0
259,259,259,259,259,259,259,259,259,259,259,259,259,259,259,259,259,259,259,259,259,259,259,259,D:\kunal\Project\smart surveillance\ModelCode\TrainTestData\Training-Normal-Videos-Part-1\Normal_Videos299_x264.mp4,Normal,,1,1419.0
260,260,260,260,260,260,260,260,260,260,260,260,260,260,260,260,260,260,260,260,260,260,260,260,D:\kunal\Project\smart surveillance\ModelCode\TrainTestData\Training-Normal-Videos-Part-1\Normal_Videos300_x264.mp4,Normal,,1,1487.0
261,261,261,261,261,261,261,261,261,261,261,261,261,261,261,261,261,261,261,261,261,261,261,261,D:\kunal\Project\smart surveillance\ModelCode\TrainTestData\Training-Normal-Videos-Part-1\Normal_Videos301_x264.mp4,Normal,,1,1805.0
262,262,262,262,262,262,262,262,262,262,262,262,262,262,262,262,262,262,262,262,262,262,262,262,D:\kunal\Project\smart surveillance\ModelCode\TrainTestData\Training-Normal-Videos-Part-1\Normal_Videos302_x264.mp4,Normal,,1,1804.0
263,263,263,263,263,263,263,263,263,263,263,263,263,263,263,263,263,263,263,263,263,263,263,263,D:\kunal\Project\smart surveillance\ModelCode\TrainTestData\Training-Normal-Videos-Part-1\Normal_Videos303_x264.mp4,Normal,,1,5343.0
264,264,264,264,264,264,264,264,264,264,264,264,264,264,264,264,264,264,264,264,264,264,264,264,D:\kunal\Project\smart surveillance\ModelCode\TrainTestData\Training-Normal-Videos-Part-1\Normal_Videos304_x264.mp4,Normal,,1,2884.0
265,265,265,265,265,265,265,265,265,265,265,265,265,265,265,265,265,265,265,265,265,265,265,265,D:\kunal\Project\smart surveillance\ModelCode\TrainTestData\Training-Normal-Videos-Part-1\Normal_Videos305_x264.mp4,Normal,,1,2550.0
266,266,266,266,266,266,266,266,266,266,266,266,266,266,266,266,266,266,266,266,266,266,266,266,D:\kunal\Project\smart surveillance\ModelCode\TrainTestData\Training-Normal-Videos-Part-1\Normal_Videos306_x264.mp4,Normal,,1,3961.0
267,267,267,267,267,267,267,267,267,267,267,267,267,267,267,267,267,267,267,267,267,267,267,267,D:\kunal\Project\smart surveillance\ModelCode\TrainTestData\Training-Normal-Videos-Part-1\Normal_Videos307_x264.mp4,Normal,,1,18.0
268,268,268,268,268,268,268,268,268,268,268,268,268,268,268,268,268,268,268,268,268,268,268,268,D:\kunal\Project\smart surveillance\ModelCode\TrainTestData\Training-Normal-Videos-Part-1\Normal_Videos308_x264.mp4,Normal,,1,
269,269,269,269,269,269,269,269,269,269,269,269,269,269,269,269,269,269,269,269,269,269,269,269,D:\kunal\Project\smart surveillance\ModelCode\TrainTestData\Training-Normal-Videos-Part-1\Normal_Videos309_x264.mp4,Normal,,1,
270,270,270,270,270,270,270,270,270,270,270,270,270,270,270,270,270,270,270,270,270,270,270,270,D:\kunal\Project\smart surveillance\ModelCode\TrainTestData\Training-Normal-Videos-Part-1\Normal_Videos311_x264.mp4,Normal,,1,2547.0
271,271,271,271,271,271,271,271,271,271,271,271,271,271,271,271,271,271,271,271,271,271,271,271,D:\kunal\Project\smart surveillance\ModelCode\TrainTestData\Training-Normal-Videos-Part-1\Normal_Videos313_x264.mp4,Normal,,1,1307.0
272,272,272,272,272,272,272,272,272,272,272,272,272,272,272,272,272,272,272,272,272,272,272,272,D:\kunal\Project\smart surveillance\ModelCode\TrainTestData\Training-Normal-Videos-Part-1\Normal_Videos314_x264.mp4,Normal,,1,1135.0
273,273,273,273,273,273,273,273,273,273,273,273,273,273,273,273,273,273,273,273,273,273,273,273,D:\kunal\Project\smart surveillance\ModelCode\TrainTestData\Training-Normal-Videos-Part-1\Normal_Videos315_x264.mp4,Normal,,1,1531.0
274,274,274,274,274,274,274,274,274,274,274,274,274,274,274,274,274,274,274,274,274,274,274,274,D:\kunal\Project\smart surveillance\ModelCode\TrainTestData\Training-Normal-Videos-Part-1\Normal_Videos316_x264.mp4,Normal,,1,1288.0
275,275,275,275,275,275,275,275,275,275,275,275,275,275,275,275,275,275,275,275,275,275,275,275,D:\kunal\Project\smart surveillance\ModelCode\TrainTestData\Training-Normal-Videos-Part-1\Normal_Videos318_x264.mp4,Normal,,1,1300.0
276,276,276,276,276,276,276,276,276,276,276,276,276,276,276,276,276,276,276,276,276,276,276,276,D:\kunal\Project\smart surveillance\ModelCode\TrainTestData\Training-Normal-Videos-Part-1\Normal_Videos319_x264.mp4,Normal,,1,1890.0
277,277,277,277,277,277,277,277,277,277,277,277,277,277,277,277,277,277,277,277,277,277,277,277,D:\kunal\Project\smart surveillance\ModelCode\TrainTestData\Training-Normal-Videos-Part-1\Normal_Videos320_x264.mp4,Normal,,1,1011.0
278,278,278,278,278,278,278,278,278,278,278,278,278,278,278,278,278,278,278,278,278,278,278,278,D:\kunal\Project\smart surveillance\ModelCode\TrainTestData\Training-Normal-Videos-Part-1\Normal_Videos321_x264.mp4,Normal,,1,453.0
279,279,279,279,279,279,279,279,279,279,279,279,279,279,279,279,279,279,279,279,279,279,279,279,D:\kunal\Project\smart surveillance\ModelCode\TrainTestData\Training-Normal-Videos-Part-1\Normal_Videos322_x264.mp4,Normal,,1,2211.0
280,280,280,280,280,280,280,280,280,280,280,280,280,280,280,280,280,280,280,280,280,280,280,280,D:\kunal\Project\smart surveillance\ModelCode\TrainTestData\Training-Normal-Videos-Part-1\Normal_Videos323_x264.mp4,Normal,,1,64.0
281,281,281,281,281,281,281,281,281,281,281,281,281,281,281,281,281,281,281,281,281,281,281,281,D:\kunal\Project\smart surveillance\ModelCode\TrainTestData\Training-Normal-Videos-Part-1\Normal_Videos324_x264.mp4,Normal,,-1,
282,282,282,282,282,282,282,282,282,282,282,282,282,282,282,282,282,282,282,282,282,282,282,282,D:\kunal\Project\smart surveillance\ModelCode\TrainTestData\Training-Normal-Videos-Part-1\Normal_Videos325_x264.mp4,Normal,,-1,
283,283,283,283,283,283,283,283,283,283,283,283,283,283,283,283,283,283,283,283,283,283,283,283,D:\kunal\Project\smart surveillance\ModelCode\TrainTestData\Training-Normal-Videos-Part-1\Normal_Videos326_x264.mp4,Normal,,-1,
284,284,284,284,284,284,284,284,284,284,284,284,284,284,284,284,284,284,284,284,284,284,284,284,D:\kunal\Project\smart surveillance\ModelCode\TrainTestData\Training-Normal-Videos-Part-1\Normal_Videos327_x264.mp4,Normal,,-1,
285,285,285,285,285,285,285,285,285,285,285,285,285,285,285,285,285,285,285,285,285,285,285,285,D:\kunal\Project\smart surveillance\ModelCode\TrainTestData\Training-Normal-Videos-Part-1\Normal_Videos328_x264.mp4,Normal,,-1,
286,286,286,286,286,286,286,286,286,286,286,286,286,286,286,286,286,286,286,286,286,286,286,286,D:\kunal\Project\smart surveillance\ModelCode\TrainTestData\Training-Normal-Videos-Part-1\Normal_Videos329_x264.mp4,Normal,,-1,
287,287,287,287,287,287,287,287,287,287,287,287,287,287,287,287,287,287,287,287,287,287,287,287,D:\kunal\Project\smart surveillance\ModelCode\TrainTestData\Training-Normal-Videos-Part-1\Normal_Videos330_x264.mp4,Normal,,-1,
288,288,288,288,288,288,288,288,288,288,288,288,288,288,288,288,288,288,288,288,288,288,288,288,D:\kunal\Project\smart surveillance\ModelCode\TrainTestData\Training-Normal-Videos-Part-1\Normal_Videos331_x264.mp4,Normal,,-1,
289,289,289,289,289,289,289,289,289,289,289,289,289,289,289,289,289,289,289,289,289,289,289,289,D:\kunal\Project\smart surveillance\ModelCode\TrainTestData\Training-Normal-Videos-Part-1\Normal_Videos332_x264.mp4,Normal,,-1,
290,290,290,290,290,290,290,290,290,290,290,290,290,290,290,290,290,290,290,290,290,290,290,290,D:\kunal\Project\smart surveillance\ModelCode\TrainTestData\Training-Normal-Videos-Part-1\Normal_Videos333_x264.mp4,Normal,,-1,
291,291,291,291,291,291,291,291,291,291,291,291,291,291,291,291,291,291,291,291,291,291,291,291,D:\kunal\Project\smart surveillance\ModelCode\TrainTestData\Training-Normal-Videos-Part-1\Normal_Videos334_x264.mp4,Normal,,-1,
292,292,292,292,292,292,292,292,292,292,292,292,292,292,292,292,292,292,292,292,292,292,292,292,D:\kunal\Project\smart surveillance\ModelCode\TrainTestData\Training-Normal-Videos-Part-1\Normal_Videos335_x264.mp4,Normal,,-1,
293,293,293,293,293,293,293,293,293,293,293,293,293,293,293,293,293,293,293,293,293,293,293,293,D:\kunal\Project\smart surveillance\ModelCode\TrainTestData\Training-Normal-Videos-Part-1\Normal_Videos336_x264.mp4,Normal,,-1,
294,294,294,294,294,294,294,294,294,294,294,294,294,294,294,294,294,294,294,294,294,294,294,294,D:\kunal\Project\smart surveillance\ModelCode\TrainTestData\Training-Normal-Videos-Part-1\Normal_Videos337_x264.mp4,Normal,,-1,
295,295,295,295,295,295,295,295,295,295,295,295,295,295,295,295,295,295,295,295,295,295,295,295,D:\kunal\Project\smart surveillance\ModelCode\TrainTestData\Training-Normal-Videos-Part-1\Normal_Videos338_x264.mp4,Normal,,-1,
296,296,296,296,296,296,296,296,296,296,296,296,296,296,296,296,296,296,296,296,296,296,296,296,D:\kunal\Project\smart surveillance\ModelCode\TrainTestData\Training-Normal-Videos-Part-1\Normal_Videos339_x264.mp4,Normal,,-1,
297,297,297,297,297,297,297,297,297,297,297,297,297,297,297,297,297,297,297,297,297,297,297,297,D:\kunal\Project\smart surveillance\ModelCode\TrainTestData\Training-Normal-Videos-Part-1\Normal_Videos340_x264.mp4,Normal,,-1,
298,298,298,298,298,298,298,298,298,298,298,298,298,298,298,298,298,298,298,298,298,298,298,298,D:\kunal\Project\smart surveillance\ModelCode\TrainTestData\Training-Normal-Videos-Part-1\Normal_Videos341_x264.mp4,Normal,,-1,
299,299,299,299,299,299,299,299,299,299,299,299,299,299,299,299,299,299,299,299,299,299,299,299,D:\kunal\Project\smart surveillance\ModelCode\TrainTestData\Training-Normal-Videos-Part-1\Normal_Videos342_x264.mp4,Normal,,-1,
300,300,300,300,300,300,300,300,300,300,300,300,300,300,300,300,300,300,300,300,300,300,300,300,D:\kunal\Project\smart surveillance\ModelCode\TrainTestData\Training-Normal-Videos-Part-1\Normal_Videos343_x264.mp4,Normal,,-1,
301,301,301,301,301,301,301,301,301,301,301,301,301,301,301,301,301,301,301,301,301,301,301,301,D:\kunal\Project\smart surveillance\ModelCode\TrainTestData\Training-Normal-Videos-Part-1\Normal_Videos344_x264.mp4,Normal,,-1,
302,302,302,302,302,302,302,302,302,302,302,302,302,302,302,302,302,302,302,302,302,302,302,302,D:\kunal\Project\smart surveillance\ModelCode\TrainTestData\Training-Normal-Videos-Part-1\Normal_Videos346_x264.mp4,Normal,,-1,
303,303,303,303,303,303,303,303,303,303,303,303,303,303,303,303,303,303,303,303,303,303,303,303,D:\kunal\Project\smart surveillance\ModelCode\TrainTestData\Training-Normal-Videos-Part-1\Normal_Videos347_x264.mp4,Normal,,-1,
304,304,304,304,304,304,304,304,304,304,304,304,304,304,304,304,304,304,304,304,304,304,304,304,D:\kunal\Project\smart surveillance\ModelCode\TrainTestData\Training-Normal-Videos-Part-1\Normal_Videos348_x264.mp4,Normal,,-1,
305,305,305,305,305,305,305,305,305,305,305,305,305,305,305,305,305,305,305,305,305,305,305,305,D:\kunal\Project\smart surveillance\ModelCode\TrainTestData\Training-Normal-Videos-Part-1\Normal_Videos349_x264.mp4,Normal,,-1,
306,306,306,306,306,306,306,306,306,306,306,306,306,306,306,306,306,306,306,306,306,306,306,306,D:\kunal\Project\smart surveillance\ModelCode\TrainTestData\Training-Normal-Videos-Part-1\Normal_Videos350_x264.mp4,Normal,,-1,
307,307,307,307,307,307,307,307,307,307,307,307,307,307,307,307,307,307,307,307,307,307,307,307,D:\kunal\Project\smart surveillance\ModelCode\TrainTestData\Training-Normal-Videos-Part-1\Normal_Videos351_x264.mp4,Normal,,-1,
308,308,308,308,308,308,308,308,308,308,308,308,308,308,308,308,308,308,308,308,308,308,308,308,D:\kunal\Project\smart surveillance\ModelCode\TrainTestData\Training-Normal-Videos-Part-1\Normal_Videos353_x264.mp4,Normal,,-1,
309,309,309,309,309,309,309,309,309,309,309,309,309,309,309,309,309,309,309,309,309,309,309,309,D:\kunal\Project\smart surveillance\ModelCode\TrainTestData\Training-Normal-Videos-Part-1\Normal_Videos354_x264.mp4,Normal,,-1,
310,310,310,310,310,310,310,310,310,310,310,310,310,310,310,310,310,310,310,310,310,310,310,310,D:\kunal\Project\smart surveillance\ModelCode\TrainTestData\Training-Normal-Videos-Part-1\Normal_Videos355_x264.mp4,Normal,,-1,
311,311,311,311,311,311,311,311,311,311,311,311,311,311,311,311,311,311,311,311,311,311,311,311,D:\kunal\Project\smart surveillance\ModelCode\TrainTestData\Training-Normal-Videos-Part-1\Normal_Videos356_x264.mp4,Normal,,-1,
312,312,312,312,312,312,312,312,312,312,312,312,312,312,312,312,312,312,312,312,312,312,312,312,D:\kunal\Project\smart surveillance\ModelCode\TrainTestData\Training-Normal-Videos-Part-1\Normal_Videos357_x264.mp4,Normal,,-1,
313,313,313,313,313,313,313,313,313,313,313,313,313,313,313,313,313,313,313,313,313,313,313,313,D:\kunal\Project\smart surveillance\ModelCode\TrainTestData\Training-Normal-Videos-Part-1\Normal_Videos358_x264.mp4,Normal,,-1,
314,314,314,314,314,314,314,314,314,314,314,314,314,314,314,314,314,314,314,314,314,314,314,314,D:\kunal\Project\smart surveillance\ModelCode\TrainTestData\Training-Normal-Videos-Part-1\Normal_Videos359_x264.mp4,Normal,,-1,
315,315,315,315,315,315,315,315,315,315,315,315,315,315,315,315,315,315,315,315,315,315,315,315,D:\kunal\Project\smart surveillance\ModelCode\TrainTestData\Training-Normal-Videos-Part-1\Normal_Videos361_x264.mp4,Normal,,-1,
316,316,316,316,316,316,316,316,316,316,316,316,316,316,316,316,316,316,316,316,316,316,316,316,D:\kunal\Project\smart surveillance\ModelCode\TrainTestData\Training-Normal-Videos-Part-1\Normal_Videos362_x264.mp4,Normal,,-1,
317,317,317,317,317,317,317,317,317,317,317,317,317,317,317,317,317,317,317,317,317,317,317,317,D:\kunal\Project\smart surveillance\ModelCode\TrainTestData\Training-Normal-Videos-Part-1\Normal_Videos363_x264.mp4,Normal,,-1,
318,318,318,318,318,318,318,318,318,318,318,318,318,318,318,318,318,318,318,318,318,318,318,318,D:\kunal\Project\smart surveillance\ModelCode\TrainTestData\Training-Normal-Videos-Part-1\Normal_Videos364_x264.mp4,Normal,,-1,
319,319,319,319,319,319,319,319,319,319,319,319,319,319,319,319,319,319,319,319,319,319,319,319,D:\kunal\Project\smart surveillance\ModelCode\TrainTestData\Training-Normal-Videos-Part-1\Normal_Videos366_x264.mp4,Normal,,-1,
320,320,320,320,320,320,320,320,320,320,320,320,320,320,320,320,320,320,320,320,320,320,320,320,D:\kunal\Project\smart surveillance\ModelCode\TrainTestData\Training-Normal-Videos-Part-1\Normal_Videos367_x264.mp4,Normal,,-1,
321,321,321,321,321,321,321,321,321,321,321,321,321,321,321,321,321,321,321,321,321,321,321,321,D:\kunal\Project\smart surveillance\ModelCode\TrainTestData\Training-Normal-Videos-Part-1\Normal_Videos368_x264.mp4,Normal,,-1,
322,322,322,322,322,322,322,322,322,322,322,322,322,322,322,322,322,322,322,322,322,322,322,322,D:\kunal\Project\smart surveillance\ModelCode\TrainTestData\Training-Normal-Videos-Part-1\Normal_Videos369_x264.mp4,Normal,,-1,
323,323,323,323,323,323,323,323,323,323,323,323,323,323,323,323,323,323,323,323,323,323,323,323,D:\kunal\Project\smart surveillance\ModelCode\TrainTestData\Training-Normal-Videos-Part-1\Normal_Videos370_x264.mp4,Normal,,-1,
324,324,324,324,324,324,324,324,324,324,324,324,324,324,324,324,324,324,324,324,324,324,324,324,D:\kunal\Project\smart surveillance\ModelCode\TrainTestData\Training-Normal-Videos-Part-1\Normal_Videos371_x264.mp4,Normal,,-1,
325,325,325,325,325,325,325,325,325,325,325,325,325,325,325,325,325,325,325,325,325,325,325,325,D:\kunal\Project\smart surveillance\ModelCode\TrainTestData\Training-Normal-Videos-Part-1\Normal_Videos372_x264.mp4,Normal,,-1,
326,326,326,326,326,326,326,326,326,326,326,326,326,326,326,326,326,326,326,326,326,326,326,326,D:\kunal\Project\smart surveillance\ModelCode\TrainTestData\Training-Normal-Videos-Part-1\Normal_Videos373_x264.mp4,Normal,,-1,
327,327,327,327,327,327,327,327,327,327,327,327,327,327,327,327,327,327,327,327,327,327,327,327,D:\kunal\Project\smart surveillance\ModelCode\TrainTestData\Training-Normal-Videos-Part-1\Normal_Videos374_x264.mp4,Normal,,-1,
328,328,328,328,328,328,328,328,328,328,328,328,328,328,328,328,328,328,328,328,328,328,328,328,D:\kunal\Project\smart surveillance\ModelCode\TrainTestData\Training-Normal-Videos-Part-1\Normal_Videos375_x264.mp4,Normal,,-1,
329,329,329,329,329,329,329,329,329,329,329,329,329,329,329,329,329,329,329,329,329,329,329,329,D:\kunal\Project\smart surveillance\ModelCode\TrainTestData\Training-Normal-Videos-Part-1\Normal_Videos376_x264.mp4,Normal,,-1,
330,330,330,330,330,330,330,330,330,330,330,330,330,330,330,330,330,330,330,330,330,330,330,330,D:\kunal\Project\smart surveillance\ModelCode\TrainTestData\Training-Normal-Videos-Part-1\Normal_Videos377_x264.mp4,Normal,,-1,
331,331,331,331,331,331,331,331,331,331,331,331,331,331,331,331,331,331,331,331,331,331,331,331,D:\kunal\Project\smart surveillance\ModelCode\TrainTestData\Training-Normal-Videos-Part-1\Normal_Videos378_x264.mp4,Normal,,-1,
332,332,332,332,332,332,332,332,332,332,332,332,332,332,332,332,332,332,332,332,332,332,332,332,D:\kunal\Project\smart surveillance\ModelCode\TrainTestData\Training-Normal-Videos-Part-1\Normal_Videos379_x264.mp4,Normal,,-1,
333,333,333,333,333,333,333,333,333,333,333,333,333,333,333,333,333,333,333,333,333,333,333,333,D:\kunal\Project\smart surveillance\ModelCode\TrainTestData\Training-Normal-Videos-Part-1\Normal_Videos380_x264.mp4,Normal,,-1,
334,334,334,334,334,334,334,334,334,334,334,334,334,334,334,334,334,334,334,334,334,334,334,334,D:\kunal\Project\smart surveillance\ModelCode\TrainTestData\Training-Normal-Videos-Part-1\Normal_Videos381_x264.mp4,Normal,,-1,
335,335,335,335,335,335,335,335,335,335,335,335,335,335,335,335,335,335,335,335,335,335,335,335,D:\kunal\Project\smart surveillance\ModelCode\TrainTestData\Training-Normal-Videos-Part-1\Normal_Videos382_x264.mp4,Normal,,-1,
336,336,336,336,336,336,336,336,336,336,336,336,336,336,336,336,336,336,336,336,336,336,336,336,D:\kunal\Project\smart surveillance\ModelCode\TrainTestData\Training-Normal-Videos-Part-1\Normal_Videos383_x264.mp4,Normal,,-1,
337,337,337,337,337,337,337,337,337,337,337,337,337,337,337,337,337,337,337,337,337,337,337,337,D:\kunal\Project\smart surveillance\ModelCode\TrainTestData\Training-Normal-Videos-Part-1\Normal_Videos384_x264.mp4,Normal,,-1,
338,338,338,338,338,338,338,338,338,338,338,338,338,338,338,338,338,338,338,338,338,338,338,338,D:\kunal\Project\smart surveillance\ModelCode\TrainTestData\Training-Normal-Videos-Part-1\Normal_Videos385_x264.mp4,Normal,,-1,
339,339,339,339,339,339,339,339,339,339,339,339,339,339,339,339,339,339,339,339,339,339,339,339,D:\kunal\Project\smart surveillance\ModelCode\TrainTestData\Training-Normal-Videos-Part-1\Normal_Videos386_x264.mp4,Normal,,-1,
340,340,340,340,340,340,340,340,340,340,340,340,340,340,340,340,340,340,340,340,340,340,340,340,D:\kunal\Project\smart surveillance\ModelCode\TrainTestData\Training-Normal-Videos-Part-1\Normal_Videos387_x264.mp4,Normal,,-1,
341,341,341,341,341,341,341,341,341,341,341,341,341,341,341,341,341,341,341,341,341,341,341,341,D:\kunal\Project\smart surveillance\ModelCode\TrainTestData\Training-Normal-Videos-Part-1\Normal_Videos388_x264.mp4,Normal,,-1,
342,342,342,342,342,342,342,342,342,342,342,342,342,342,342,342,342,342,342,342,342,342,342,342,D:\kunal\Project\smart surveillance\ModelCode\TrainTestData\Training-Normal-Videos-Part-1\Normal_Videos389_x264.mp4,Normal,,-1,
343,343,343,343,343,343,343,343,343,343,343,343,343,343,343,343,343,343,343,343,343,343,343,343,D:\kunal\Project\smart surveillance\ModelCode\TrainTestData\Training-Normal-Videos-Part-1\Normal_Videos390_x264.mp4,Normal,,-1,
344,344,344,344,344,344,344,344,344,344,344,344,344,344,344,344,344,344,344,344,344,344,344,344,D:\kunal\Project\smart surveillance\ModelCode\TrainTestData\Training-Normal-Videos-Part-1\Normal_Videos391_x264.mp4,Normal,,-1,
345,345,345,345,345,345,345,345,345,345,345,345,345,345,345,345,345,345,345,345,345,345,345,345,D:\kunal\Project\smart surveillance\ModelCode\TrainTestData\Training-Normal-Videos-Part-1\Normal_Videos392_x264.mp4,Normal,,-1,
346,346,346,346,346,346,346,346,346,346,346,346,346,346,346,346,346,346,346,346,346,346,346,346,D:\kunal\Project\smart surveillance\ModelCode\TrainTestData\Training-Normal-Videos-Part-1\Normal_Videos393_x264.mp4,Normal,,-1,
347,347,347,347,347,347,347,347,347,347,347,347,347,347,347,347,347,347,347,347,347,347,347,347,D:\kunal\Project\smart surveillance\ModelCode\TrainTestData\Training-Normal-Videos-Part-1\Normal_Videos394_x264.mp4,Normal,,-1,
348,348,348,348,348,348,348,348,348,348,348,348,348,348,348,348,348,348,348,348,348,348,348,348,D:\kunal\Project\smart surveillance\ModelCode\TrainTestData\Training-Normal-Videos-Part-1\Normal_Videos395_x264.mp4,Normal,,-1,
349,349,349,349,349,349,349,349,349,349,349,349,349,349,349,349,349,349,349,349,349,349,349,349,D:\kunal\Project\smart surveillance\ModelCode\TrainTestData\Training-Normal-Videos-Part-1\Normal_Videos396_x264.mp4,Normal,,-1,
350,350,350,350,350,350,350,350,350,350,350,350,350,350,350,350,350,350,350,350,350,350,350,350,D:\kunal\Project\smart surveillance\ModelCode\TrainTestData\Training-Normal-Videos-Part-1\Normal_Videos397_x264.mp4,Normal,,-1,
351,351,351,351,351,351,351,351,351,351,351,351,351,351,351,351,351,351,351,351,351,351,351,351,D:\kunal\Project\smart surveillance\ModelCode\TrainTestData\Training-Normal-Videos-Part-1\Normal_Videos398_x264.mp4,Normal,,-1,
352,352,352,352,352,352,352,352,352,352,352,352,352,352,352,352,352,352,352,352,352,352,352,352,D:\kunal\Project\smart surveillance\ModelCode\TrainTestData\Training-Normal-Videos-Part-1\Normal_Videos399_x264.mp4,Normal,,-1,
353,353,353,353,353,353,353,353,353,353,353,353,353,353,353,353,353,353,353,353,353,353,353,353,D:\kunal\Project\smart surveillance\ModelCode\TrainTestData\Training-Normal-Videos-Part-1\Normal_Videos400_x264.mp4,Normal,,-1,
354,354,354,354,354,354,354,354,354,354,354,354,354,354,354,354,354,354,354,354,354,354,354,354,D:\kunal\Project\smart surveillance\ModelCode\TrainTestData\Training-Normal-Videos-Part-1\Normal_Videos402_x264.mp4,Normal,,-1,
355,355,355,355,355,355,355,355,355,355,355,355,355,355,355,355,355,355,355,355,355,355,355,355,D:\kunal\Project\smart surveillance\ModelCode\TrainTestData\Training-Normal-Videos-Part-1\Normal_Videos403_x264.mp4,Normal,,-1,
356,356,356,356,356,356,356,356,356,356,356,356,356,356,356,356,356,356,356,356,356,356,356,356,D:\kunal\Project\smart surveillance\ModelCode\TrainTestData\Training-Normal-Videos-Part-1\Normal_Videos404_x264.mp4,Normal,,-1,
357,357,357,357,357,357,357,357,357,357,357,357,357,357,357,357,357,357,357,357,357,357,357,357,D:\kunal\Project\smart surveillance\ModelCode\TrainTestData\Training-Normal-Videos-Part-1\Normal_Videos405_x264.mp4,Normal,,-1,
358,358,358,358,358,358,358,358,358,358,358,358,358,358,358,358,358,358,358,358,358,358,358,358,D:\kunal\Project\smart surveillance\ModelCode\TrainTestData\Training-Normal-Videos-Part-1\Normal_Videos406_x264.mp4,Normal,,-1,
359,359,359,359,359,359,359,359,359,359,359,359,359,359,359,359,359,359,359,359,359,359,359,359,D:\kunal\Project\smart surveillance\ModelCode\TrainTestData\Training-Normal-Videos-Part-1\Normal_Videos407_x264.mp4,Normal,,-1,
360,360,360,360,360,360,360,360,360,360,360,360,360,360,360,360,360,360,360,360,360,360,360,360,D:\kunal\Project\smart surveillance\ModelCode\TrainTestData\Training-Normal-Videos-Part-1\Normal_Videos408_x264.mp4,Normal,,-1,
361,361,361,361,361,361,361,361,361,361,361,361,361,361,361,361,361,361,361,361,361,361,361,361,D:\kunal\Project\smart surveillance\ModelCode\TrainTestData\Training-Normal-Videos-Part-1\Normal_Videos409_x264.mp4,Normal,,-1,
362,362,362,362,362,362,362,362,362,362,362,362,362,362,362,362,362,362,362,362,362,362,362,362,D:\kunal\Project\smart surveillance\ModelCode\TrainTestData\Training-Normal-Videos-Part-1\Normal_Videos410_x264.mp4,Normal,,-1,
363,363,363,363,363,363,363,363,363,363,363,363,363,363,363,363,363,363,363,363,363,363,363,363,D:\kunal\Project\smart surveillance\ModelCode\TrainTestData\Training-Normal-Videos-Part-1\Normal_Videos411_x264.mp4,Normal,,-1,
364,364,364,364,364,364,364,364,364,364,364,364,364,364,364,364,364,364,364,364,364,364,364,364,D:\kunal\Project\smart surveillance\ModelCode\TrainTestData\Training-Normal-Videos-Part-1\Normal_Videos412_x264.mp4,Normal,,-1,
365,365,365,365,365,365,365,365,365,365,365,365,365,365,365,365,365,365,365,365,365,365,365,365,D:\kunal\Project\smart surveillance\ModelCode\TrainTestData\Training-Normal-Videos-Part-1\Normal_Videos413_x264.mp4,Normal,,-1,
366,366,366,366,366,366,366,366,366,366,366,366,366,366,366,366,366,366,366,366,366,366,366,366,D:\kunal\Project\smart surveillance\ModelCode\TrainTestData\Training-Normal-Videos-Part-1\Normal_Videos414_x264.mp4,Normal,,-1,
367,367,367,367,367,367,367,367,367,367,367,367,367,367,367,367,367,367,367,367,367,367,367,367,D:\kunal\Project\smart surveillance\ModelCode\TrainTestData\Training-Normal-Videos-Part-1\Normal_Videos415_x264.mp4,Normal,,-1,
368,368,368,368,368,368,368,368,368,368,368,368,368,368,368,368,368,368,368,368,368,368,368,368,D:\kunal\Project\smart surveillance\ModelCode\TrainTestData\Training-Normal-Videos-Part-1\Normal_Videos416_x264.mp4,Normal,,-1,
369,369,369,369,369,369,369,369,369,369,369,369,369,369,369,369,369,369,369,369,369,369,369,369,D:\kunal\Project\smart surveillance\ModelCode\TrainTestData\Training-Normal-Videos-Part-1\Normal_Videos418_x264.mp4,Normal,,-1,
370,370,370,370,370,370,370,370,370,370,370,370,370,370,370,370,370,370,370,370,370,370,370,370,D:\kunal\Project\smart surveillance\ModelCode\TrainTestData\Training-Normal-Videos-Part-1\Normal_Videos419_x264.mp4,Normal,,-1,
371,371,371,371,371,371,371,371,371,371,371,371,371,371,371,371,371,371,371,371,371,371,371,371,D:\kunal\Project\smart surveillance\ModelCode\TrainTestData\Training-Normal-Videos-Part-1\Normal_Videos420_x264.mp4,Normal,,-1,
372,372,372,372,372,372,372,372,372,372,372,372,372,372,372,372,372,372,372,372,372,372,372,372,D:\kunal\Project\smart surveillance\ModelCode\TrainTestData\Training-Normal-Videos-Part-1\Normal_Videos421_x264.mp4,Normal,,-1,
373,373,373,373,373,373,373,373,373,373,373,373,373,373,373,373,373,373,373,373,373,373,373,373,D:\kunal\Project\smart surveillance\ModelCode\TrainTestData\Training-Normal-Videos-Part-1\Normal_Videos422_x264.mp4,Normal,,-1,
374,374,374,374,374,374,374,374,374,374,374,374,374,374,374,374,374,374,374,374,374,374,374,374,D:\kunal\Project\smart surveillance\ModelCode\TrainTestData\Training-Normal-Videos-Part-1\Normal_Videos423_x264.mp4,Normal,,-1,
375,375,375,375,375,375,375,375,375,375,375,375,375,375,375,375,375,375,375,375,375,375,375,375,D:\kunal\Project\smart surveillance\ModelCode\TrainTestData\Training-Normal-Videos-Part-1\Normal_Videos424_x264.mp4,Normal,,-1,
376,376,376,376,376,376,376,376,376,376,376,376,376,376,376,376,376,376,376,376,376,376,376,376,D:\kunal\Project\smart surveillance\ModelCode\TrainTestData\Training-Normal-Videos-Part-1\Normal_Videos425_x264.mp4,Normal,,-1,
377,377,377,377,377,377,377,377,377,377,377,377,377,377,377,377,377,377,377,377,377,377,377,377,D:\kunal\Project\smart surveillance\ModelCode\TrainTestData\Training-Normal-Videos-Part-1\Normal_Videos426_x264.mp4,Normal,,-1,
378,378,378,378,378,378,378,378,378,378,378,378,378,378,378,378,378,378,378,378,378,378,378,378,D:\kunal\Project\smart surveillance\ModelCode\TrainTestData\Training-Normal-Videos-Part-1\Normal_Videos427_x264.mp4,Normal,,-1,
379,379,379,379,379,379,379,379,379,379,379,379,379,379,379,379,379,379,379,379,379,379,379,379,D:\kunal\Project\smart surveillance\ModelCode\TrainTestData\Training-Normal-Videos-Part-1\Normal_Videos428_x264.mp4,Normal,,-1,
380,380,380,380,380,380,380,380,380,380,380,380,380,380,380,380,380,380,380,380,380,380,380,380,D:\kunal\Project\smart surveillance\ModelCode\TrainTestData\Training-Normal-Videos-Part-1\Normal_Videos429_x264.mp4,Normal,,-1,
381,381,381,381,381,381,381,381,381,381,381,381,381,381,381,381,381,381,381,381,381,381,381,381,D:\kunal\Project\smart surveillance\ModelCode\TrainTestData\Training-Normal-Videos-Part-1\Normal_Videos430_x264.mp4,Normal,,-1,
382,382,382,382,382,382,382,382,382,382,382,382,382,382,382,382,382,382,382,382,382,382,382,382,D:\kunal\Project\smart surveillance\ModelCode\TrainTestData\Training-Normal-Videos-Part-1\Normal_Videos431_x264.mp4,Normal,,-1,
383,383,383,383,383,383,383,383,383,383,383,383,383,383,383,383,383,383,383,383,383,383,383,383,D:\kunal\Project\smart surveillance\ModelCode\TrainTestData\Training-Normal-Videos-Part-1\Normal_Videos432_x264.mp4,Normal,,-1,
384,384,384,384,384,384,384,384,384,384,384,384,384,384,384,384,384,384,384,384,384,384,384,384,D:\kunal\Project\smart surveillance\ModelCode\TrainTestData\Training-Normal-Videos-Part-1\Normal_Videos433_x264.mp4,Normal,,-1,
385,385,385,385,385,385,385,385,385,385,385,385,385,385,385,385,385,385,385,385,385,385,385,385,D:\kunal\Project\smart surveillance\ModelCode\TrainTestData\Training-Normal-Videos-Part-1\Normal_Videos434_x264.mp4,Normal,,-1,
386,386,386,386,386,386,386,386,386,386,386,386,386,386,386,386,386,386,386,386,386,386,386,386,D:\kunal\Project\smart surveillance\ModelCode\TrainTestData\Training-Normal-Videos-Part-1\Normal_Videos435_x264.mp4,Normal,,-1,
387,387,387,387,387,387,387,387,387,387,387,387,387,387,387,387,387,387,387,387,387,387,387,387,D:\kunal\Project\smart surveillance\ModelCode\TrainTestData\Training-Normal-Videos-Part-1\Normal_Videos436_x264.mp4,Normal,,-1,
388,388,388,388,388,388,388,388,388,388,388,388,388,388,388,388,388,388,388,388,388,388,388,388,D:\kunal\Project\smart surveillance\ModelCode\TrainTestData\Training-Normal-Videos-Part-1\Normal_Videos437_x264.mp4,Normal,,-1,
389,389,389,389,389,389,389,389,389,389,389,389,389,389,389,389,389,389,389,389,389,389,389,389,D:\kunal\Project\smart surveillance\ModelCode\TrainTestData\Training-Normal-Videos-Part-1\Normal_Videos438_x264.mp4,Normal,,-1,
390,390,390,390,390,390,390,390,390,390,390,390,390,390,390,390,390,390,390,390,390,390,390,390,D:\kunal\Project\smart surveillance\ModelCode\TrainTestData\Training-Normal-Videos-Part-1\Normal_Videos440_x264.mp4,Normal,,-1,
391,391,391,391,391,391,391,391,391,391,391,391,391,391,391,391,391,391,391,391,391,391,391,391,D:\kunal\Project\smart surveillance\ModelCode\TrainTestData\Training-Normal-Videos-Part-1\Normal_Videos441_x264.mp4,Normal,,-1,
392,392,392,392,392,392,392,392,392,392,392,392,392,392,392,392,392,392,392,392,392,392,392,392,D:\kunal\Project\smart surveillance\ModelCode\TrainTestData\Training-Normal-Videos-Part-1\Normal_Videos442_x264.mp4,Normal,,-1,
393,393,393,393,393,393,393,393,393,393,393,393,393,393,393,393,393,393,393,393,393,393,393,393,D:\kunal\Project\smart surveillance\ModelCode\TrainTestData\Training-Normal-Videos-Part-1\Normal_Videos443_x264.mp4,Normal,,-1,
394,394,394,394,394,394,394,394,394,394,394,394,394,394,394,394,394,394,394,394,394,394,394,394,D:\kunal\Project\smart surveillance\ModelCode\TrainTestData\Training-Normal-Videos-Part-1\Normal_Videos444_x264.mp4,Normal,,-1,
395,395,395,395,395,395,395,395,395,395,395,395,395,395,395,395,395,395,395,395,395,395,395,395,D:\kunal\Project\smart surveillance\ModelCode\TrainTestData\Training-Normal-Videos-Part-1\Normal_Videos445_x264.mp4,Normal,,-1,
396,396,396,396,396,396,396,396,396,396,396,396,396,396,396,396,396,396,396,396,396,396,396,396,D:\kunal\Project\smart surveillance\ModelCode\TrainTestData\Training-Normal-Videos-Part-1\Normal_Videos446_x264.mp4,Normal,,-1,
397,397,397,397,397,397,397,397,397,397,397,397,397,397,397,397,397,397,397,397,397,397,397,397,D:\kunal\Project\smart surveillance\ModelCode\TrainTestData\Training-Normal-Videos-Part-1\Normal_Videos447_x264.mp4,Normal,,-1,
398,398,398,398,398,398,398,398,398,398,398,398,398,398,398,398,398,398,398,398,398,398,398,398,D:\kunal\Project\smart surveillance\ModelCode\TrainTestData\Training-Normal-Videos-Part-1\Normal_Videos448_x264.mp4,Normal,,-1,
399,399,399,399,399,399,399,399,399,399,399,399,399,399,399,399,399,399,399,399,399,399,399,399,D:\kunal\Project\smart surveillance\ModelCode\TrainTestData\Training-Normal-Videos-Part-1\Normal_Videos449_x264.mp4,Normal,,-1,
400,400,400,400,400,400,400,400,400,400,400,400,400,400,400,400,400,400,400,400,400,400,400,400,D:\kunal\Project\smart surveillance\ModelCode\TrainTestData\Training-Normal-Videos-Part-1\Normal_Videos450_x264.mp4,Normal,,-1,
401,401,401,401,401,401,401,401,401,401,401,401,401,401,401,401,401,401,401,401,401,401,401,401,D:\kunal\Project\smart surveillance\ModelCode\TrainTestData\Training-Normal-Videos-Part-1\Normal_Videos451_x264.mp4,Normal,,-1,
402,402,402,402,402,402,402,402,402,402,402,402,402,402,402,402,402,402,402,402,402,402,402,402,D:\kunal\Project\smart surveillance\ModelCode\TrainTestData\Training-Normal-Videos-Part-1\Normal_Videos454_x264.mp4,Normal,,-1,
403,403,403,403,403,403,403,403,403,403,403,403,403,403,403,403,403,403,403,403,403,403,403,403,D:\kunal\Project\smart surveillance\ModelCode\TrainTestData\Training-Normal-Videos-Part-1\Normal_Videos455_x264.mp4,Normal,,-1,
404,404,404,404,404,404,404,404,404,404,404,404,404,404,404,404,404,404,404,404,404,404,404,404,D:\kunal\Project\smart surveillance\ModelCode\TrainTestData\Training-Normal-Videos-Part-1\Normal_Videos456_x264.mp4,Normal,,-1,
405,405,405,405,405,405,405,405,405,405,405,405,405,405,405,405,405,405,405,405,405,405,405,405,D:\kunal\Project\smart surveillance\ModelCode\TrainTestData\Training-Normal-Videos-Part-1\Normal_Videos457_x264.mp4,Normal,,-1,
406,406,406,406,406,406,406,406,406,406,406,406,406,406,406,406,406,406,406,406,406,406,406,406,D:\kunal\Project\smart surveillance\ModelCode\TrainTestData\Training-Normal-Videos-Part-1\Normal_Videos458_x264.mp4,Normal,,-1,
407,407,407,407,407,407,407,407,407,407,407,407,407,407,407,407,407,407,407,407,407,407,407,407,D:\kunal\Project\smart surveillance\ModelCode\TrainTestData\Training-Normal-Videos-Part-1\Normal_Videos459_x264.mp4,Normal,,-1,
408,408,408,408,408,408,408,408,408,408,408,408,408,408,408,408,408,408,408,408,408,408,408,408,D:\kunal\Project\smart surveillance\ModelCode\TrainTestData\Training-Normal-Videos-Part-1\Normal_Videos460_x264.mp4,Normal,,-1,
409,409,409,409,409,409,409,409,409,409,409,409,409,409,409,409,409,409,409,409,409,409,409,409,D:\kunal\Project\smart surveillance\ModelCode\TrainTestData\Training-Normal-Videos-Part-1\Normal_Videos461_x264.mp4,Normal,,-1,
410,410,410,410,410,410,410,410,410,410,410,410,410,410,410,410,410,410,410,410,410,410,410,410,D:\kunal\Project\smart surveillance\ModelCode\TrainTestData\Training-Normal-Videos-Part-1\Normal_Videos462_x264.mp4,Normal,,-1,
411,411,411,411,411,411,411,411,411,411,411,411,411,411,411,411,411,411,411,411,411,411,411,411,D:\kunal\Project\smart surveillance\ModelCode\TrainTestData\Training-Normal-Videos-Part-1\Normal_Videos463_x264.mp4,Normal,,-1,
412,412,412,412,412,412,412,412,412,412,412,412,412,412,412,412,412,412,412,412,412,412,412,412,D:\kunal\Project\smart surveillance\ModelCode\TrainTestData\Training-Normal-Videos-Part-1\Normal_Videos464_x264.mp4,Normal,,-1,
413,413,413,413,413,413,413,413,413,413,413,413,413,413,413,413,413,413,413,413,413,413,413,413,D:\kunal\Project\smart surveillance\ModelCode\TrainTestData\Training-Normal-Videos-Part-1\Normal_Videos465_x264.mp4,Normal,,-1,
414,414,414,414,414,414,414,414,414,414,414,414,414,414,414,414,414,414,414,414,414,414,414,414,D:\kunal\Project\smart surveillance\ModelCode\TrainTestData\Training-Normal-Videos-Part-1\Normal_Videos466_x264.mp4,Normal,,-1,
415,415,415,415,415,415,415,415,415,415,415,415,415,415,415,415,415,415,415,415,415,415,415,415,D:\kunal\Project\smart surveillance\ModelCode\TrainTestData\Training-Normal-Videos-Part-1\Normal_Videos467_x264.mp4,Normal,,-1,
416,416,416,416,416,416,416,416,416,416,416,416,416,416,416,416,416,416,416,416,416,416,416,416,D:\kunal\Project\smart surveillance\ModelCode\TrainTestData\Training-Normal-Videos-Part-1\Normal_Videos468_x264.mp4,Normal,,-1,
417,417,417,417,417,417,417,417,417,417,417,417,417,417,417,417,417,417,417,417,417,417,417,417,D:\kunal\Project\smart surveillance\ModelCode\TrainTestData\Training-Normal-Videos-Part-1\Normal_Videos469_x264.mp4,Normal,,-1,
418,418,418,418,418,418,418,418,418,418,418,418,418,418,418,418,418,418,418,418,418,418,418,418,D:\kunal\Project\smart surveillance\ModelCode\TrainTestData\Training-Normal-Videos-Part-1\Normal_Videos470_x264.mp4,Normal,,-1,
419,419,419,419,419,419,419,419,419,419,419,419,419,419,419,419,419,419,419,419,419,419,419,419,D:\kunal\Project\smart surveillance\ModelCode\TrainTestData\Training-Normal-Videos-Part-1\Normal_Videos471_x264.mp4,Normal,,-1,
420,420,420,420,420,420,420,420,420,420,420,420,420,420,420,420,420,420,420,420,420,420,420,420,D:\kunal\Project\smart surveillance\ModelCode\TrainTestData\Training-Normal-Videos-Part-1\Normal_Videos472_x264.mp4,Normal,,-1,
421,421,421,421,421,421,421,421,421,421,421,421,421,421,421,421,421,421,421,421,421,421,421,421,D:\kunal\Project\smart surveillance\ModelCode\TrainTestData\Training-Normal-Videos-Part-1\Normal_Videos473_x264.mp4,Normal,,-1,
422,422,422,422,422,422,422,422,422,422,422,422,422,422,422,422,422,422,422,422,422,422,422,422,D:\kunal\Project\smart surveillance\ModelCode\TrainTestData\Training-Normal-Videos-Part-1\Normal_Videos474_x264.mp4,Normal,,-1,
423,423,423,423,423,423,423,423,423,423,423,423,423,423,423,423,423,423,423,423,423,423,423,423,D:\kunal\Project\smart surveillance\ModelCode\TrainTestData\Training-Normal-Videos-Part-1\Normal_Videos475_x264.mp4,Normal,,-1,
424,424,424,424,424,424,424,424,424,424,424,424,424,424,424,424,424,424,424,424,424,424,424,424,D:\kunal\Project\smart surveillance\ModelCode\TrainTestData\Training-Normal-Videos-Part-1\Normal_Videos476_x264.mp4,Normal,,-1,
425,425,425,425,425,425,425,425,425,425,425,425,425,425,425,425,425,425,425,425,425,425,425,425,D:\kunal\Project\smart surveillance\ModelCode\TrainTestData\Training-Normal-Videos-Part-1\Normal_Videos477_x264.mp4,Normal,,-1,
426,426,426,426,426,426,426,426,426,426,426,426,426,426,426,426,426,426,426,426,426,426,426,426,D:\kunal\Project\smart surveillance\ModelCode\TrainTestData\Training-Normal-Videos-Part-1\Normal_Videos479_x264.mp4,Normal,,-1,
427,427,427,427,427,427,427,427,427,427,427,427,427,427,427,427,427,427,427,427,427,427,427,427,D:\kunal\Project\smart surveillance\ModelCode\TrainTestData\Training-Normal-Videos-Part-1\Normal_Videos480_x264.mp4,Normal,,-1,
428,428,428,428,428,428,428,428,428,428,428,428,428,428,428,428,428,428,428,428,428,428,428,428,D:\kunal\Project\smart surveillance\ModelCode\TrainTestData\Training-Normal-Videos-Part-1\Normal_Videos481_x264.mp4,Normal,,-1,
429,429,429,429,429,429,429,429,429,429,429,429,429,429,429,429,429,429,429,429,429,429,429,429,D:\kunal\Project\smart surveillance\ModelCode\TrainTestData\Training-Normal-Videos-Part-1\Normal_Videos482_x264.mp4,Normal,,-1,
